implementation_id,display_name,run_status,slice_family,slice_value,n_expected,n_valid,correct_ratio,hallucination_ratio,omission_ratio,answer_f1,answer_bleu1,retrieval_hit_rate,retrieval_recall_at_10,retrieval_ndcg_at_10,run_id,artifact_sha256
wma-dummy,Dummy / No Memory,PENDING,overall,overall,7906,,,,,,,,,,,
wma-dummy,Dummy / No Memory,PENDING,question_type,CMR,548,,,,,,,,,,,
wma-dummy,Dummy / No Memory,PENDING,question_type,DU,606,,,,,,,,,,,
wma-dummy,Dummy / No Memory,PENDING,question_type,FR,591,,,,,,,,,,,
wma-dummy,Dummy / No Memory,PENDING,question_type,KR,593,,,,,,,,,,,
wma-dummy,Dummy / No Memory,PENDING,question_type,MB,615,,,,,,,,,,,
wma-dummy,Dummy / No Memory,PENDING,question_type,MC,604,,,,,,,,,,,
wma-dummy,Dummy / No Memory,PENDING,question_type,TR,582,,,,,,,,,,,
wma-dummy,Dummy / No Memory,PENDING,question_type,TTL,582,,,,,,,,,,,
wma-dummy,Dummy / No Memory,PENDING,question_type,UNKNOWN,1356,,,,,,,,,,,
wma-dummy,Dummy / No Memory,PENDING,question_type,VFR,614,,,,,,,,,,,
wma-dummy,Dummy / No Memory,PENDING,question_type,VS,609,,,,,,,,,,,
wma-dummy,Dummy / No Memory,PENDING,question_type,VU,606,,,,,,,,,,,
wma-dummy,Dummy / No Memory,PENDING,scope,agent,6806,,,,,,,,,,,
wma-dummy,Dummy / No Memory,PENDING,scope,lifelong,1100,,,,,,,,,,,
wma-dummy,Dummy / No Memory,PENDING,task_family,agent/embodied,3718,,,,,,,,,,,
wma-dummy,Dummy / No Memory,PENDING,task_family,agent/gui,3088,,,,,,,,,,,
wma-dummy,Dummy / No Memory,PENDING,task_family,lifelong/personal,440,,,,,,,,,,,
wma-dummy,Dummy / No Memory,PENDING,task_family,lifelong/project,660,,,,,,,,,,,
wma-dummy,Dummy / No Memory,PENDING,difficulty,easy,1450,,,,,,,,,,,
wma-dummy,Dummy / No Memory,PENDING,difficulty,hard,3047,,,,,,,,,,,
wma-dummy,Dummy / No Memory,PENDING,difficulty,medium,3409,,,,,,,,,,,
wma-dummy,Dummy / No Memory,PENDING,evidence_modality,image,1891,,,,,,,,,,,
wma-dummy,Dummy / No Memory,PENDING,evidence_modality,image+memory,4050,,,,,,,,,,,
wma-dummy,Dummy / No Memory,PENDING,evidence_modality,memory,1323,,,,,,,,,,,
wma-dummy,Dummy / No Memory,PENDING,evidence_modality,none,642,,,,,,,,,,,
wma-dummy,Dummy / No Memory,PENDING,subcategory,agent/embodied/eb_alfred_base,210,,,,,,,,,,,
wma-dummy,Dummy / No Memory,PENDING,subcategory,agent/embodied/eb_alfred_common_sense,212,,,,,,,,,,,
wma-dummy,Dummy / No Memory,PENDING,subcategory,agent/embodied/eb_alfred_complex_instruction,214,,,,,,,,,,,
wma-dummy,Dummy / No Memory,PENDING,subcategory,agent/embodied/eb_alfred_long_horizon,218,,,,,,,,,,,
wma-dummy,Dummy / No Memory,PENDING,subcategory,agent/embodied/eb_alfred_visual_appearance,161,,,,,,,,,,,
wma-dummy,Dummy / No Memory,PENDING,subcategory,agent/embodied/eb_nav_base,217,,,,,,,,,,,
wma-dummy,Dummy / No Memory,PENDING,subcategory,agent/embodied/eb_nav_common_sense,217,,,,,,,,,,,
wma-dummy,Dummy / No Memory,PENDING,subcategory,agent/embodied/eb_nav_complex_instruction,214,,,,,,,,,,,
wma-dummy,Dummy / No Memory,PENDING,subcategory,agent/embodied/eb_nav_long_horizon,262,,,,,,,,,,,
wma-dummy,Dummy / No Memory,PENDING,subcategory,agent/embodied/eb_nav_visual_appearance,216,,,,,,,,,,,
wma-dummy,Dummy / No Memory,PENDING,subcategory,agent/embodied/minecraft,709,,,,,,,,,,,
wma-dummy,Dummy / No Memory,PENDING,subcategory,agent/embodied/omnigibson,868,,,,,,,,,,,
wma-dummy,Dummy / No Memory,PENDING,subcategory,agent/gui/css,408,,,,,,,,,,,
wma-dummy,Dummy / No Memory,PENDING,subcategory,agent/gui/excel,311,,,,,,,,,,,
wma-dummy,Dummy / No Memory,PENDING,subcategory,agent/gui/file_mgmt,273,,,,,,,,,,,
wma-dummy,Dummy / No Memory,PENDING,subcategory,agent/gui/image_edit,364,,,,,,,,,,,
wma-dummy,Dummy / No Memory,PENDING,subcategory,agent/gui/mobile,289,,,,,,,,,,,
wma-dummy,Dummy / No Memory,PENDING,subcategory,agent/gui/web,327,,,,,,,,,,,
wma-dummy,Dummy / No Memory,PENDING,subcategory,agent/gui/webarena_lite,792,,,,,,,,,,,
wma-dummy,Dummy / No Memory,PENDING,subcategory,agent/gui/word_docs,324,,,,,,,,,,,
wma-dummy,Dummy / No Memory,PENDING,subcategory,lifelong/personal,440,,,,,,,,,,,
wma-dummy,Dummy / No Memory,PENDING,subcategory,lifelong/project/academic,110,,,,,,,,,,,
wma-dummy,Dummy / No Memory,PENDING,subcategory,lifelong/project/education,110,,,,,,,,,,,
wma-dummy,Dummy / No Memory,PENDING,subcategory,lifelong/project/finance,110,,,,,,,,,,,
wma-dummy,Dummy / No Memory,PENDING,subcategory,lifelong/project/health,110,,,,,,,,,,,
wma-dummy,Dummy / No Memory,PENDING,subcategory,lifelong/project/software,110,,,,,,,,,,,
wma-dummy,Dummy / No Memory,PENDING,subcategory,lifelong/project/startup,110,,,,,,,,,,,
wma-base-model,BaseModel (answer-only),PENDING,overall,overall,7906,,,,,,,,,,,
wma-base-model,BaseModel (answer-only),PENDING,question_type,CMR,548,,,,,,,,,,,
wma-base-model,BaseModel (answer-only),PENDING,question_type,DU,606,,,,,,,,,,,
wma-base-model,BaseModel (answer-only),PENDING,question_type,FR,591,,,,,,,,,,,
wma-base-model,BaseModel (answer-only),PENDING,question_type,KR,593,,,,,,,,,,,
wma-base-model,BaseModel (answer-only),PENDING,question_type,MB,615,,,,,,,,,,,
wma-base-model,BaseModel (answer-only),PENDING,question_type,MC,604,,,,,,,,,,,
wma-base-model,BaseModel (answer-only),PENDING,question_type,TR,582,,,,,,,,,,,
wma-base-model,BaseModel (answer-only),PENDING,question_type,TTL,582,,,,,,,,,,,
wma-base-model,BaseModel (answer-only),PENDING,question_type,UNKNOWN,1356,,,,,,,,,,,
wma-base-model,BaseModel (answer-only),PENDING,question_type,VFR,614,,,,,,,,,,,
wma-base-model,BaseModel (answer-only),PENDING,question_type,VS,609,,,,,,,,,,,
wma-base-model,BaseModel (answer-only),PENDING,question_type,VU,606,,,,,,,,,,,
wma-base-model,BaseModel (answer-only),PENDING,scope,agent,6806,,,,,,,,,,,
wma-base-model,BaseModel (answer-only),PENDING,scope,lifelong,1100,,,,,,,,,,,
wma-base-model,BaseModel (answer-only),PENDING,task_family,agent/embodied,3718,,,,,,,,,,,
wma-base-model,BaseModel (answer-only),PENDING,task_family,agent/gui,3088,,,,,,,,,,,
wma-base-model,BaseModel (answer-only),PENDING,task_family,lifelong/personal,440,,,,,,,,,,,
wma-base-model,BaseModel (answer-only),PENDING,task_family,lifelong/project,660,,,,,,,,,,,
wma-base-model,BaseModel (answer-only),PENDING,difficulty,easy,1450,,,,,,,,,,,
wma-base-model,BaseModel (answer-only),PENDING,difficulty,hard,3047,,,,,,,,,,,
wma-base-model,BaseModel (answer-only),PENDING,difficulty,medium,3409,,,,,,,,,,,
wma-base-model,BaseModel (answer-only),PENDING,evidence_modality,image,1891,,,,,,,,,,,
wma-base-model,BaseModel (answer-only),PENDING,evidence_modality,image+memory,4050,,,,,,,,,,,
wma-base-model,BaseModel (answer-only),PENDING,evidence_modality,memory,1323,,,,,,,,,,,
wma-base-model,BaseModel (answer-only),PENDING,evidence_modality,none,642,,,,,,,,,,,
wma-base-model,BaseModel (answer-only),PENDING,subcategory,agent/embodied/eb_alfred_base,210,,,,,,,,,,,
wma-base-model,BaseModel (answer-only),PENDING,subcategory,agent/embodied/eb_alfred_common_sense,212,,,,,,,,,,,
wma-base-model,BaseModel (answer-only),PENDING,subcategory,agent/embodied/eb_alfred_complex_instruction,214,,,,,,,,,,,
wma-base-model,BaseModel (answer-only),PENDING,subcategory,agent/embodied/eb_alfred_long_horizon,218,,,,,,,,,,,
wma-base-model,BaseModel (answer-only),PENDING,subcategory,agent/embodied/eb_alfred_visual_appearance,161,,,,,,,,,,,
wma-base-model,BaseModel (answer-only),PENDING,subcategory,agent/embodied/eb_nav_base,217,,,,,,,,,,,
wma-base-model,BaseModel (answer-only),PENDING,subcategory,agent/embodied/eb_nav_common_sense,217,,,,,,,,,,,
wma-base-model,BaseModel (answer-only),PENDING,subcategory,agent/embodied/eb_nav_complex_instruction,214,,,,,,,,,,,
wma-base-model,BaseModel (answer-only),PENDING,subcategory,agent/embodied/eb_nav_long_horizon,262,,,,,,,,,,,
wma-base-model,BaseModel (answer-only),PENDING,subcategory,agent/embodied/eb_nav_visual_appearance,216,,,,,,,,,,,
wma-base-model,BaseModel (answer-only),PENDING,subcategory,agent/embodied/minecraft,709,,,,,,,,,,,
wma-base-model,BaseModel (answer-only),PENDING,subcategory,agent/embodied/omnigibson,868,,,,,,,,,,,
wma-base-model,BaseModel (answer-only),PENDING,subcategory,agent/gui/css,408,,,,,,,,,,,
wma-base-model,BaseModel (answer-only),PENDING,subcategory,agent/gui/excel,311,,,,,,,,,,,
wma-base-model,BaseModel (answer-only),PENDING,subcategory,agent/gui/file_mgmt,273,,,,,,,,,,,
wma-base-model,BaseModel (answer-only),PENDING,subcategory,agent/gui/image_edit,364,,,,,,,,,,,
wma-base-model,BaseModel (answer-only),PENDING,subcategory,agent/gui/mobile,289,,,,,,,,,,,
wma-base-model,BaseModel (answer-only),PENDING,subcategory,agent/gui/web,327,,,,,,,,,,,
wma-base-model,BaseModel (answer-only),PENDING,subcategory,agent/gui/webarena_lite,792,,,,,,,,,,,
wma-base-model,BaseModel (answer-only),PENDING,subcategory,agent/gui/word_docs,324,,,,,,,,,,,
wma-base-model,BaseModel (answer-only),PENDING,subcategory,lifelong/personal,440,,,,,,,,,,,
wma-base-model,BaseModel (answer-only),PENDING,subcategory,lifelong/project/academic,110,,,,,,,,,,,
wma-base-model,BaseModel (answer-only),PENDING,subcategory,lifelong/project/education,110,,,,,,,,,,,
wma-base-model,BaseModel (answer-only),PENDING,subcategory,lifelong/project/finance,110,,,,,,,,,,,
wma-base-model,BaseModel (answer-only),PENDING,subcategory,lifelong/project/health,110,,,,,,,,,,,
wma-base-model,BaseModel (answer-only),PENDING,subcategory,lifelong/project/software,110,,,,,,,,,,,
wma-base-model,BaseModel (answer-only),PENDING,subcategory,lifelong/project/startup,110,,,,,,,,,,,
wma-fumemory,FUMemory,PENDING,overall,overall,7906,,,,,,,,,,,
wma-fumemory,FUMemory,PENDING,question_type,CMR,548,,,,,,,,,,,
wma-fumemory,FUMemory,PENDING,question_type,DU,606,,,,,,,,,,,
wma-fumemory,FUMemory,PENDING,question_type,FR,591,,,,,,,,,,,
wma-fumemory,FUMemory,PENDING,question_type,KR,593,,,,,,,,,,,
wma-fumemory,FUMemory,PENDING,question_type,MB,615,,,,,,,,,,,
wma-fumemory,FUMemory,PENDING,question_type,MC,604,,,,,,,,,,,
wma-fumemory,FUMemory,PENDING,question_type,TR,582,,,,,,,,,,,
wma-fumemory,FUMemory,PENDING,question_type,TTL,582,,,,,,,,,,,
wma-fumemory,FUMemory,PENDING,question_type,UNKNOWN,1356,,,,,,,,,,,
wma-fumemory,FUMemory,PENDING,question_type,VFR,614,,,,,,,,,,,
wma-fumemory,FUMemory,PENDING,question_type,VS,609,,,,,,,,,,,
wma-fumemory,FUMemory,PENDING,question_type,VU,606,,,,,,,,,,,
wma-fumemory,FUMemory,PENDING,scope,agent,6806,,,,,,,,,,,
wma-fumemory,FUMemory,PENDING,scope,lifelong,1100,,,,,,,,,,,
wma-fumemory,FUMemory,PENDING,task_family,agent/embodied,3718,,,,,,,,,,,
wma-fumemory,FUMemory,PENDING,task_family,agent/gui,3088,,,,,,,,,,,
wma-fumemory,FUMemory,PENDING,task_family,lifelong/personal,440,,,,,,,,,,,
wma-fumemory,FUMemory,PENDING,task_family,lifelong/project,660,,,,,,,,,,,
wma-fumemory,FUMemory,PENDING,difficulty,easy,1450,,,,,,,,,,,
wma-fumemory,FUMemory,PENDING,difficulty,hard,3047,,,,,,,,,,,
wma-fumemory,FUMemory,PENDING,difficulty,medium,3409,,,,,,,,,,,
wma-fumemory,FUMemory,PENDING,evidence_modality,image,1891,,,,,,,,,,,
wma-fumemory,FUMemory,PENDING,evidence_modality,image+memory,4050,,,,,,,,,,,
wma-fumemory,FUMemory,PENDING,evidence_modality,memory,1323,,,,,,,,,,,
wma-fumemory,FUMemory,PENDING,evidence_modality,none,642,,,,,,,,,,,
wma-fumemory,FUMemory,PENDING,subcategory,agent/embodied/eb_alfred_base,210,,,,,,,,,,,
wma-fumemory,FUMemory,PENDING,subcategory,agent/embodied/eb_alfred_common_sense,212,,,,,,,,,,,
wma-fumemory,FUMemory,PENDING,subcategory,agent/embodied/eb_alfred_complex_instruction,214,,,,,,,,,,,
wma-fumemory,FUMemory,PENDING,subcategory,agent/embodied/eb_alfred_long_horizon,218,,,,,,,,,,,
wma-fumemory,FUMemory,PENDING,subcategory,agent/embodied/eb_alfred_visual_appearance,161,,,,,,,,,,,
wma-fumemory,FUMemory,PENDING,subcategory,agent/embodied/eb_nav_base,217,,,,,,,,,,,
wma-fumemory,FUMemory,PENDING,subcategory,agent/embodied/eb_nav_common_sense,217,,,,,,,,,,,
wma-fumemory,FUMemory,PENDING,subcategory,agent/embodied/eb_nav_complex_instruction,214,,,,,,,,,,,
wma-fumemory,FUMemory,PENDING,subcategory,agent/embodied/eb_nav_long_horizon,262,,,,,,,,,,,
wma-fumemory,FUMemory,PENDING,subcategory,agent/embodied/eb_nav_visual_appearance,216,,,,,,,,,,,
wma-fumemory,FUMemory,PENDING,subcategory,agent/embodied/minecraft,709,,,,,,,,,,,
wma-fumemory,FUMemory,PENDING,subcategory,agent/embodied/omnigibson,868,,,,,,,,,,,
wma-fumemory,FUMemory,PENDING,subcategory,agent/gui/css,408,,,,,,,,,,,
wma-fumemory,FUMemory,PENDING,subcategory,agent/gui/excel,311,,,,,,,,,,,
wma-fumemory,FUMemory,PENDING,subcategory,agent/gui/file_mgmt,273,,,,,,,,,,,
wma-fumemory,FUMemory,PENDING,subcategory,agent/gui/image_edit,364,,,,,,,,,,,
wma-fumemory,FUMemory,PENDING,subcategory,agent/gui/mobile,289,,,,,,,,,,,
wma-fumemory,FUMemory,PENDING,subcategory,agent/gui/web,327,,,,,,,,,,,
wma-fumemory,FUMemory,PENDING,subcategory,agent/gui/webarena_lite,792,,,,,,,,,,,
wma-fumemory,FUMemory,PENDING,subcategory,agent/gui/word_docs,324,,,,,,,,,,,
wma-fumemory,FUMemory,PENDING,subcategory,lifelong/personal,440,,,,,,,,,,,
wma-fumemory,FUMemory,PENDING,subcategory,lifelong/project/academic,110,,,,,,,,,,,
wma-fumemory,FUMemory,PENDING,subcategory,lifelong/project/education,110,,,,,,,,,,,
wma-fumemory,FUMemory,PENDING,subcategory,lifelong/project/finance,110,,,,,,,,,,,
wma-fumemory,FUMemory,PENDING,subcategory,lifelong/project/health,110,,,,,,,,,,,
wma-fumemory,FUMemory,PENDING,subcategory,lifelong/project/software,110,,,,,,,,,,,
wma-fumemory,FUMemory,PENDING,subcategory,lifelong/project/startup,110,,,,,,,,,,,
wma-stmemory,STMemory,PENDING,overall,overall,7906,,,,,,,,,,,
wma-stmemory,STMemory,PENDING,question_type,CMR,548,,,,,,,,,,,
wma-stmemory,STMemory,PENDING,question_type,DU,606,,,,,,,,,,,
wma-stmemory,STMemory,PENDING,question_type,FR,591,,,,,,,,,,,
wma-stmemory,STMemory,PENDING,question_type,KR,593,,,,,,,,,,,
wma-stmemory,STMemory,PENDING,question_type,MB,615,,,,,,,,,,,
wma-stmemory,STMemory,PENDING,question_type,MC,604,,,,,,,,,,,
wma-stmemory,STMemory,PENDING,question_type,TR,582,,,,,,,,,,,
wma-stmemory,STMemory,PENDING,question_type,TTL,582,,,,,,,,,,,
wma-stmemory,STMemory,PENDING,question_type,UNKNOWN,1356,,,,,,,,,,,
wma-stmemory,STMemory,PENDING,question_type,VFR,614,,,,,,,,,,,
wma-stmemory,STMemory,PENDING,question_type,VS,609,,,,,,,,,,,
wma-stmemory,STMemory,PENDING,question_type,VU,606,,,,,,,,,,,
wma-stmemory,STMemory,PENDING,scope,agent,6806,,,,,,,,,,,
wma-stmemory,STMemory,PENDING,scope,lifelong,1100,,,,,,,,,,,
wma-stmemory,STMemory,PENDING,task_family,agent/embodied,3718,,,,,,,,,,,
wma-stmemory,STMemory,PENDING,task_family,agent/gui,3088,,,,,,,,,,,
wma-stmemory,STMemory,PENDING,task_family,lifelong/personal,440,,,,,,,,,,,
wma-stmemory,STMemory,PENDING,task_family,lifelong/project,660,,,,,,,,,,,
wma-stmemory,STMemory,PENDING,difficulty,easy,1450,,,,,,,,,,,
wma-stmemory,STMemory,PENDING,difficulty,hard,3047,,,,,,,,,,,
wma-stmemory,STMemory,PENDING,difficulty,medium,3409,,,,,,,,,,,
wma-stmemory,STMemory,PENDING,evidence_modality,image,1891,,,,,,,,,,,
wma-stmemory,STMemory,PENDING,evidence_modality,image+memory,4050,,,,,,,,,,,
wma-stmemory,STMemory,PENDING,evidence_modality,memory,1323,,,,,,,,,,,
wma-stmemory,STMemory,PENDING,evidence_modality,none,642,,,,,,,,,,,
wma-stmemory,STMemory,PENDING,subcategory,agent/embodied/eb_alfred_base,210,,,,,,,,,,,
wma-stmemory,STMemory,PENDING,subcategory,agent/embodied/eb_alfred_common_sense,212,,,,,,,,,,,
wma-stmemory,STMemory,PENDING,subcategory,agent/embodied/eb_alfred_complex_instruction,214,,,,,,,,,,,
wma-stmemory,STMemory,PENDING,subcategory,agent/embodied/eb_alfred_long_horizon,218,,,,,,,,,,,
wma-stmemory,STMemory,PENDING,subcategory,agent/embodied/eb_alfred_visual_appearance,161,,,,,,,,,,,
wma-stmemory,STMemory,PENDING,subcategory,agent/embodied/eb_nav_base,217,,,,,,,,,,,
wma-stmemory,STMemory,PENDING,subcategory,agent/embodied/eb_nav_common_sense,217,,,,,,,,,,,
wma-stmemory,STMemory,PENDING,subcategory,agent/embodied/eb_nav_complex_instruction,214,,,,,,,,,,,
wma-stmemory,STMemory,PENDING,subcategory,agent/embodied/eb_nav_long_horizon,262,,,,,,,,,,,
wma-stmemory,STMemory,PENDING,subcategory,agent/embodied/eb_nav_visual_appearance,216,,,,,,,,,,,
wma-stmemory,STMemory,PENDING,subcategory,agent/embodied/minecraft,709,,,,,,,,,,,
wma-stmemory,STMemory,PENDING,subcategory,agent/embodied/omnigibson,868,,,,,,,,,,,
wma-stmemory,STMemory,PENDING,subcategory,agent/gui/css,408,,,,,,,,,,,
wma-stmemory,STMemory,PENDING,subcategory,agent/gui/excel,311,,,,,,,,,,,
wma-stmemory,STMemory,PENDING,subcategory,agent/gui/file_mgmt,273,,,,,,,,,,,
wma-stmemory,STMemory,PENDING,subcategory,agent/gui/image_edit,364,,,,,,,,,,,
wma-stmemory,STMemory,PENDING,subcategory,agent/gui/mobile,289,,,,,,,,,,,
wma-stmemory,STMemory,PENDING,subcategory,agent/gui/web,327,,,,,,,,,,,
wma-stmemory,STMemory,PENDING,subcategory,agent/gui/webarena_lite,792,,,,,,,,,,,
wma-stmemory,STMemory,PENDING,subcategory,agent/gui/word_docs,324,,,,,,,,,,,
wma-stmemory,STMemory,PENDING,subcategory,lifelong/personal,440,,,,,,,,,,,
wma-stmemory,STMemory,PENDING,subcategory,lifelong/project/academic,110,,,,,,,,,,,
wma-stmemory,STMemory,PENDING,subcategory,lifelong/project/education,110,,,,,,,,,,,
wma-stmemory,STMemory,PENDING,subcategory,lifelong/project/finance,110,,,,,,,,,,,
wma-stmemory,STMemory,PENDING,subcategory,lifelong/project/health,110,,,,,,,,,,,
wma-stmemory,STMemory,PENDING,subcategory,lifelong/project/software,110,,,,,,,,,,,
wma-stmemory,STMemory,PENDING,subcategory,lifelong/project/startup,110,,,,,,,,,,,
wma-ltmemory,LTMemory,PENDING,overall,overall,7906,,,,,,,,,,,
wma-ltmemory,LTMemory,PENDING,question_type,CMR,548,,,,,,,,,,,
wma-ltmemory,LTMemory,PENDING,question_type,DU,606,,,,,,,,,,,
wma-ltmemory,LTMemory,PENDING,question_type,FR,591,,,,,,,,,,,
wma-ltmemory,LTMemory,PENDING,question_type,KR,593,,,,,,,,,,,
wma-ltmemory,LTMemory,PENDING,question_type,MB,615,,,,,,,,,,,
wma-ltmemory,LTMemory,PENDING,question_type,MC,604,,,,,,,,,,,
wma-ltmemory,LTMemory,PENDING,question_type,TR,582,,,,,,,,,,,
wma-ltmemory,LTMemory,PENDING,question_type,TTL,582,,,,,,,,,,,
wma-ltmemory,LTMemory,PENDING,question_type,UNKNOWN,1356,,,,,,,,,,,
wma-ltmemory,LTMemory,PENDING,question_type,VFR,614,,,,,,,,,,,
wma-ltmemory,LTMemory,PENDING,question_type,VS,609,,,,,,,,,,,
wma-ltmemory,LTMemory,PENDING,question_type,VU,606,,,,,,,,,,,
wma-ltmemory,LTMemory,PENDING,scope,agent,6806,,,,,,,,,,,
wma-ltmemory,LTMemory,PENDING,scope,lifelong,1100,,,,,,,,,,,
wma-ltmemory,LTMemory,PENDING,task_family,agent/embodied,3718,,,,,,,,,,,
wma-ltmemory,LTMemory,PENDING,task_family,agent/gui,3088,,,,,,,,,,,
wma-ltmemory,LTMemory,PENDING,task_family,lifelong/personal,440,,,,,,,,,,,
wma-ltmemory,LTMemory,PENDING,task_family,lifelong/project,660,,,,,,,,,,,
wma-ltmemory,LTMemory,PENDING,difficulty,easy,1450,,,,,,,,,,,
wma-ltmemory,LTMemory,PENDING,difficulty,hard,3047,,,,,,,,,,,
wma-ltmemory,LTMemory,PENDING,difficulty,medium,3409,,,,,,,,,,,
wma-ltmemory,LTMemory,PENDING,evidence_modality,image,1891,,,,,,,,,,,
wma-ltmemory,LTMemory,PENDING,evidence_modality,image+memory,4050,,,,,,,,,,,
wma-ltmemory,LTMemory,PENDING,evidence_modality,memory,1323,,,,,,,,,,,
wma-ltmemory,LTMemory,PENDING,evidence_modality,none,642,,,,,,,,,,,
wma-ltmemory,LTMemory,PENDING,subcategory,agent/embodied/eb_alfred_base,210,,,,,,,,,,,
wma-ltmemory,LTMemory,PENDING,subcategory,agent/embodied/eb_alfred_common_sense,212,,,,,,,,,,,
wma-ltmemory,LTMemory,PENDING,subcategory,agent/embodied/eb_alfred_complex_instruction,214,,,,,,,,,,,
wma-ltmemory,LTMemory,PENDING,subcategory,agent/embodied/eb_alfred_long_horizon,218,,,,,,,,,,,
wma-ltmemory,LTMemory,PENDING,subcategory,agent/embodied/eb_alfred_visual_appearance,161,,,,,,,,,,,
wma-ltmemory,LTMemory,PENDING,subcategory,agent/embodied/eb_nav_base,217,,,,,,,,,,,
wma-ltmemory,LTMemory,PENDING,subcategory,agent/embodied/eb_nav_common_sense,217,,,,,,,,,,,
wma-ltmemory,LTMemory,PENDING,subcategory,agent/embodied/eb_nav_complex_instruction,214,,,,,,,,,,,
wma-ltmemory,LTMemory,PENDING,subcategory,agent/embodied/eb_nav_long_horizon,262,,,,,,,,,,,
wma-ltmemory,LTMemory,PENDING,subcategory,agent/embodied/eb_nav_visual_appearance,216,,,,,,,,,,,
wma-ltmemory,LTMemory,PENDING,subcategory,agent/embodied/minecraft,709,,,,,,,,,,,
wma-ltmemory,LTMemory,PENDING,subcategory,agent/embodied/omnigibson,868,,,,,,,,,,,
wma-ltmemory,LTMemory,PENDING,subcategory,agent/gui/css,408,,,,,,,,,,,
wma-ltmemory,LTMemory,PENDING,subcategory,agent/gui/excel,311,,,,,,,,,,,
wma-ltmemory,LTMemory,PENDING,subcategory,agent/gui/file_mgmt,273,,,,,,,,,,,
wma-ltmemory,LTMemory,PENDING,subcategory,agent/gui/image_edit,364,,,,,,,,,,,
wma-ltmemory,LTMemory,PENDING,subcategory,agent/gui/mobile,289,,,,,,,,,,,
wma-ltmemory,LTMemory,PENDING,subcategory,agent/gui/web,327,,,,,,,,,,,
wma-ltmemory,LTMemory,PENDING,subcategory,agent/gui/webarena_lite,792,,,,,,,,,,,
wma-ltmemory,LTMemory,PENDING,subcategory,agent/gui/word_docs,324,,,,,,,,,,,
wma-ltmemory,LTMemory,PENDING,subcategory,lifelong/personal,440,,,,,,,,,,,
wma-ltmemory,LTMemory,PENDING,subcategory,lifelong/project/academic,110,,,,,,,,,,,
wma-ltmemory,LTMemory,PENDING,subcategory,lifelong/project/education,110,,,,,,,,,,,
wma-ltmemory,LTMemory,PENDING,subcategory,lifelong/project/finance,110,,,,,,,,,,,
wma-ltmemory,LTMemory,PENDING,subcategory,lifelong/project/health,110,,,,,,,,,,,
wma-ltmemory,LTMemory,PENDING,subcategory,lifelong/project/software,110,,,,,,,,,,,
wma-ltmemory,LTMemory,PENDING,subcategory,lifelong/project/startup,110,,,,,,,,,,,
wma-gamemory,GAMemory,PENDING,overall,overall,7906,,,,,,,,,,,
wma-gamemory,GAMemory,PENDING,question_type,CMR,548,,,,,,,,,,,
wma-gamemory,GAMemory,PENDING,question_type,DU,606,,,,,,,,,,,
wma-gamemory,GAMemory,PENDING,question_type,FR,591,,,,,,,,,,,
wma-gamemory,GAMemory,PENDING,question_type,KR,593,,,,,,,,,,,
wma-gamemory,GAMemory,PENDING,question_type,MB,615,,,,,,,,,,,
wma-gamemory,GAMemory,PENDING,question_type,MC,604,,,,,,,,,,,
wma-gamemory,GAMemory,PENDING,question_type,TR,582,,,,,,,,,,,
wma-gamemory,GAMemory,PENDING,question_type,TTL,582,,,,,,,,,,,
wma-gamemory,GAMemory,PENDING,question_type,UNKNOWN,1356,,,,,,,,,,,
wma-gamemory,GAMemory,PENDING,question_type,VFR,614,,,,,,,,,,,
wma-gamemory,GAMemory,PENDING,question_type,VS,609,,,,,,,,,,,
wma-gamemory,GAMemory,PENDING,question_type,VU,606,,,,,,,,,,,
wma-gamemory,GAMemory,PENDING,scope,agent,6806,,,,,,,,,,,
wma-gamemory,GAMemory,PENDING,scope,lifelong,1100,,,,,,,,,,,
wma-gamemory,GAMemory,PENDING,task_family,agent/embodied,3718,,,,,,,,,,,
wma-gamemory,GAMemory,PENDING,task_family,agent/gui,3088,,,,,,,,,,,
wma-gamemory,GAMemory,PENDING,task_family,lifelong/personal,440,,,,,,,,,,,
wma-gamemory,GAMemory,PENDING,task_family,lifelong/project,660,,,,,,,,,,,
wma-gamemory,GAMemory,PENDING,difficulty,easy,1450,,,,,,,,,,,
wma-gamemory,GAMemory,PENDING,difficulty,hard,3047,,,,,,,,,,,
wma-gamemory,GAMemory,PENDING,difficulty,medium,3409,,,,,,,,,,,
wma-gamemory,GAMemory,PENDING,evidence_modality,image,1891,,,,,,,,,,,
wma-gamemory,GAMemory,PENDING,evidence_modality,image+memory,4050,,,,,,,,,,,
wma-gamemory,GAMemory,PENDING,evidence_modality,memory,1323,,,,,,,,,,,
wma-gamemory,GAMemory,PENDING,evidence_modality,none,642,,,,,,,,,,,
wma-gamemory,GAMemory,PENDING,subcategory,agent/embodied/eb_alfred_base,210,,,,,,,,,,,
wma-gamemory,GAMemory,PENDING,subcategory,agent/embodied/eb_alfred_common_sense,212,,,,,,,,,,,
wma-gamemory,GAMemory,PENDING,subcategory,agent/embodied/eb_alfred_complex_instruction,214,,,,,,,,,,,
wma-gamemory,GAMemory,PENDING,subcategory,agent/embodied/eb_alfred_long_horizon,218,,,,,,,,,,,
wma-gamemory,GAMemory,PENDING,subcategory,agent/embodied/eb_alfred_visual_appearance,161,,,,,,,,,,,
wma-gamemory,GAMemory,PENDING,subcategory,agent/embodied/eb_nav_base,217,,,,,,,,,,,
wma-gamemory,GAMemory,PENDING,subcategory,agent/embodied/eb_nav_common_sense,217,,,,,,,,,,,
wma-gamemory,GAMemory,PENDING,subcategory,agent/embodied/eb_nav_complex_instruction,214,,,,,,,,,,,
wma-gamemory,GAMemory,PENDING,subcategory,agent/embodied/eb_nav_long_horizon,262,,,,,,,,,,,
wma-gamemory,GAMemory,PENDING,subcategory,agent/embodied/eb_nav_visual_appearance,216,,,,,,,,,,,
wma-gamemory,GAMemory,PENDING,subcategory,agent/embodied/minecraft,709,,,,,,,,,,,
wma-gamemory,GAMemory,PENDING,subcategory,agent/embodied/omnigibson,868,,,,,,,,,,,
wma-gamemory,GAMemory,PENDING,subcategory,agent/gui/css,408,,,,,,,,,,,
wma-gamemory,GAMemory,PENDING,subcategory,agent/gui/excel,311,,,,,,,,,,,
wma-gamemory,GAMemory,PENDING,subcategory,agent/gui/file_mgmt,273,,,,,,,,,,,
wma-gamemory,GAMemory,PENDING,subcategory,agent/gui/image_edit,364,,,,,,,,,,,
wma-gamemory,GAMemory,PENDING,subcategory,agent/gui/mobile,289,,,,,,,,,,,
wma-gamemory,GAMemory,PENDING,subcategory,agent/gui/web,327,,,,,,,,,,,
wma-gamemory,GAMemory,PENDING,subcategory,agent/gui/webarena_lite,792,,,,,,,,,,,
wma-gamemory,GAMemory,PENDING,subcategory,agent/gui/word_docs,324,,,,,,,,,,,
wma-gamemory,GAMemory,PENDING,subcategory,lifelong/personal,440,,,,,,,,,,,
wma-gamemory,GAMemory,PENDING,subcategory,lifelong/project/academic,110,,,,,,,,,,,
wma-gamemory,GAMemory,PENDING,subcategory,lifelong/project/education,110,,,,,,,,,,,
wma-gamemory,GAMemory,PENDING,subcategory,lifelong/project/finance,110,,,,,,,,,,,
wma-gamemory,GAMemory,PENDING,subcategory,lifelong/project/health,110,,,,,,,,,,,
wma-gamemory,GAMemory,PENDING,subcategory,lifelong/project/software,110,,,,,,,,,,,
wma-gamemory,GAMemory,PENDING,subcategory,lifelong/project/startup,110,,,,,,,,,,,
wma-mgmemory,MGMemory,PENDING,overall,overall,7906,,,,,,,,,,,
wma-mgmemory,MGMemory,PENDING,question_type,CMR,548,,,,,,,,,,,
wma-mgmemory,MGMemory,PENDING,question_type,DU,606,,,,,,,,,,,
wma-mgmemory,MGMemory,PENDING,question_type,FR,591,,,,,,,,,,,
wma-mgmemory,MGMemory,PENDING,question_type,KR,593,,,,,,,,,,,
wma-mgmemory,MGMemory,PENDING,question_type,MB,615,,,,,,,,,,,
wma-mgmemory,MGMemory,PENDING,question_type,MC,604,,,,,,,,,,,
wma-mgmemory,MGMemory,PENDING,question_type,TR,582,,,,,,,,,,,
wma-mgmemory,MGMemory,PENDING,question_type,TTL,582,,,,,,,,,,,
wma-mgmemory,MGMemory,PENDING,question_type,UNKNOWN,1356,,,,,,,,,,,
wma-mgmemory,MGMemory,PENDING,question_type,VFR,614,,,,,,,,,,,
wma-mgmemory,MGMemory,PENDING,question_type,VS,609,,,,,,,,,,,
wma-mgmemory,MGMemory,PENDING,question_type,VU,606,,,,,,,,,,,
wma-mgmemory,MGMemory,PENDING,scope,agent,6806,,,,,,,,,,,
wma-mgmemory,MGMemory,PENDING,scope,lifelong,1100,,,,,,,,,,,
wma-mgmemory,MGMemory,PENDING,task_family,agent/embodied,3718,,,,,,,,,,,
wma-mgmemory,MGMemory,PENDING,task_family,agent/gui,3088,,,,,,,,,,,
wma-mgmemory,MGMemory,PENDING,task_family,lifelong/personal,440,,,,,,,,,,,
wma-mgmemory,MGMemory,PENDING,task_family,lifelong/project,660,,,,,,,,,,,
wma-mgmemory,MGMemory,PENDING,difficulty,easy,1450,,,,,,,,,,,
wma-mgmemory,MGMemory,PENDING,difficulty,hard,3047,,,,,,,,,,,
wma-mgmemory,MGMemory,PENDING,difficulty,medium,3409,,,,,,,,,,,
wma-mgmemory,MGMemory,PENDING,evidence_modality,image,1891,,,,,,,,,,,
wma-mgmemory,MGMemory,PENDING,evidence_modality,image+memory,4050,,,,,,,,,,,
wma-mgmemory,MGMemory,PENDING,evidence_modality,memory,1323,,,,,,,,,,,
wma-mgmemory,MGMemory,PENDING,evidence_modality,none,642,,,,,,,,,,,
wma-mgmemory,MGMemory,PENDING,subcategory,agent/embodied/eb_alfred_base,210,,,,,,,,,,,
wma-mgmemory,MGMemory,PENDING,subcategory,agent/embodied/eb_alfred_common_sense,212,,,,,,,,,,,
wma-mgmemory,MGMemory,PENDING,subcategory,agent/embodied/eb_alfred_complex_instruction,214,,,,,,,,,,,
wma-mgmemory,MGMemory,PENDING,subcategory,agent/embodied/eb_alfred_long_horizon,218,,,,,,,,,,,
wma-mgmemory,MGMemory,PENDING,subcategory,agent/embodied/eb_alfred_visual_appearance,161,,,,,,,,,,,
wma-mgmemory,MGMemory,PENDING,subcategory,agent/embodied/eb_nav_base,217,,,,,,,,,,,
wma-mgmemory,MGMemory,PENDING,subcategory,agent/embodied/eb_nav_common_sense,217,,,,,,,,,,,
wma-mgmemory,MGMemory,PENDING,subcategory,agent/embodied/eb_nav_complex_instruction,214,,,,,,,,,,,
wma-mgmemory,MGMemory,PENDING,subcategory,agent/embodied/eb_nav_long_horizon,262,,,,,,,,,,,
wma-mgmemory,MGMemory,PENDING,subcategory,agent/embodied/eb_nav_visual_appearance,216,,,,,,,,,,,
wma-mgmemory,MGMemory,PENDING,subcategory,agent/embodied/minecraft,709,,,,,,,,,,,
wma-mgmemory,MGMemory,PENDING,subcategory,agent/embodied/omnigibson,868,,,,,,,,,,,
wma-mgmemory,MGMemory,PENDING,subcategory,agent/gui/css,408,,,,,,,,,,,
wma-mgmemory,MGMemory,PENDING,subcategory,agent/gui/excel,311,,,,,,,,,,,
wma-mgmemory,MGMemory,PENDING,subcategory,agent/gui/file_mgmt,273,,,,,,,,,,,
wma-mgmemory,MGMemory,PENDING,subcategory,agent/gui/image_edit,364,,,,,,,,,,,
wma-mgmemory,MGMemory,PENDING,subcategory,agent/gui/mobile,289,,,,,,,,,,,
wma-mgmemory,MGMemory,PENDING,subcategory,agent/gui/web,327,,,,,,,,,,,
wma-mgmemory,MGMemory,PENDING,subcategory,agent/gui/webarena_lite,792,,,,,,,,,,,
wma-mgmemory,MGMemory,PENDING,subcategory,agent/gui/word_docs,324,,,,,,,,,,,
wma-mgmemory,MGMemory,PENDING,subcategory,lifelong/personal,440,,,,,,,,,,,
wma-mgmemory,MGMemory,PENDING,subcategory,lifelong/project/academic,110,,,,,,,,,,,
wma-mgmemory,MGMemory,PENDING,subcategory,lifelong/project/education,110,,,,,,,,,,,
wma-mgmemory,MGMemory,PENDING,subcategory,lifelong/project/finance,110,,,,,,,,,,,
wma-mgmemory,MGMemory,PENDING,subcategory,lifelong/project/health,110,,,,,,,,,,,
wma-mgmemory,MGMemory,PENDING,subcategory,lifelong/project/software,110,,,,,,,,,,,
wma-mgmemory,MGMemory,PENDING,subcategory,lifelong/project/startup,110,,,,,,,,,,,
wma-rfmemory,RFMemory,PENDING,overall,overall,7906,,,,,,,,,,,
wma-rfmemory,RFMemory,PENDING,question_type,CMR,548,,,,,,,,,,,
wma-rfmemory,RFMemory,PENDING,question_type,DU,606,,,,,,,,,,,
wma-rfmemory,RFMemory,PENDING,question_type,FR,591,,,,,,,,,,,
wma-rfmemory,RFMemory,PENDING,question_type,KR,593,,,,,,,,,,,
wma-rfmemory,RFMemory,PENDING,question_type,MB,615,,,,,,,,,,,
wma-rfmemory,RFMemory,PENDING,question_type,MC,604,,,,,,,,,,,
wma-rfmemory,RFMemory,PENDING,question_type,TR,582,,,,,,,,,,,
wma-rfmemory,RFMemory,PENDING,question_type,TTL,582,,,,,,,,,,,
wma-rfmemory,RFMemory,PENDING,question_type,UNKNOWN,1356,,,,,,,,,,,
wma-rfmemory,RFMemory,PENDING,question_type,VFR,614,,,,,,,,,,,
wma-rfmemory,RFMemory,PENDING,question_type,VS,609,,,,,,,,,,,
wma-rfmemory,RFMemory,PENDING,question_type,VU,606,,,,,,,,,,,
wma-rfmemory,RFMemory,PENDING,scope,agent,6806,,,,,,,,,,,
wma-rfmemory,RFMemory,PENDING,scope,lifelong,1100,,,,,,,,,,,
wma-rfmemory,RFMemory,PENDING,task_family,agent/embodied,3718,,,,,,,,,,,
wma-rfmemory,RFMemory,PENDING,task_family,agent/gui,3088,,,,,,,,,,,
wma-rfmemory,RFMemory,PENDING,task_family,lifelong/personal,440,,,,,,,,,,,
wma-rfmemory,RFMemory,PENDING,task_family,lifelong/project,660,,,,,,,,,,,
wma-rfmemory,RFMemory,PENDING,difficulty,easy,1450,,,,,,,,,,,
wma-rfmemory,RFMemory,PENDING,difficulty,hard,3047,,,,,,,,,,,
wma-rfmemory,RFMemory,PENDING,difficulty,medium,3409,,,,,,,,,,,
wma-rfmemory,RFMemory,PENDING,evidence_modality,image,1891,,,,,,,,,,,
wma-rfmemory,RFMemory,PENDING,evidence_modality,image+memory,4050,,,,,,,,,,,
wma-rfmemory,RFMemory,PENDING,evidence_modality,memory,1323,,,,,,,,,,,
wma-rfmemory,RFMemory,PENDING,evidence_modality,none,642,,,,,,,,,,,
wma-rfmemory,RFMemory,PENDING,subcategory,agent/embodied/eb_alfred_base,210,,,,,,,,,,,
wma-rfmemory,RFMemory,PENDING,subcategory,agent/embodied/eb_alfred_common_sense,212,,,,,,,,,,,
wma-rfmemory,RFMemory,PENDING,subcategory,agent/embodied/eb_alfred_complex_instruction,214,,,,,,,,,,,
wma-rfmemory,RFMemory,PENDING,subcategory,agent/embodied/eb_alfred_long_horizon,218,,,,,,,,,,,
wma-rfmemory,RFMemory,PENDING,subcategory,agent/embodied/eb_alfred_visual_appearance,161,,,,,,,,,,,
wma-rfmemory,RFMemory,PENDING,subcategory,agent/embodied/eb_nav_base,217,,,,,,,,,,,
wma-rfmemory,RFMemory,PENDING,subcategory,agent/embodied/eb_nav_common_sense,217,,,,,,,,,,,
wma-rfmemory,RFMemory,PENDING,subcategory,agent/embodied/eb_nav_complex_instruction,214,,,,,,,,,,,
wma-rfmemory,RFMemory,PENDING,subcategory,agent/embodied/eb_nav_long_horizon,262,,,,,,,,,,,
wma-rfmemory,RFMemory,PENDING,subcategory,agent/embodied/eb_nav_visual_appearance,216,,,,,,,,,,,
wma-rfmemory,RFMemory,PENDING,subcategory,agent/embodied/minecraft,709,,,,,,,,,,,
wma-rfmemory,RFMemory,PENDING,subcategory,agent/embodied/omnigibson,868,,,,,,,,,,,
wma-rfmemory,RFMemory,PENDING,subcategory,agent/gui/css,408,,,,,,,,,,,
wma-rfmemory,RFMemory,PENDING,subcategory,agent/gui/excel,311,,,,,,,,,,,
wma-rfmemory,RFMemory,PENDING,subcategory,agent/gui/file_mgmt,273,,,,,,,,,,,
wma-rfmemory,RFMemory,PENDING,subcategory,agent/gui/image_edit,364,,,,,,,,,,,
wma-rfmemory,RFMemory,PENDING,subcategory,agent/gui/mobile,289,,,,,,,,,,,
wma-rfmemory,RFMemory,PENDING,subcategory,agent/gui/web,327,,,,,,,,,,,
wma-rfmemory,RFMemory,PENDING,subcategory,agent/gui/webarena_lite,792,,,,,,,,,,,
wma-rfmemory,RFMemory,PENDING,subcategory,agent/gui/word_docs,324,,,,,,,,,,,
wma-rfmemory,RFMemory,PENDING,subcategory,lifelong/personal,440,,,,,,,,,,,
wma-rfmemory,RFMemory,PENDING,subcategory,lifelong/project/academic,110,,,,,,,,,,,
wma-rfmemory,RFMemory,PENDING,subcategory,lifelong/project/education,110,,,,,,,,,,,
wma-rfmemory,RFMemory,PENDING,subcategory,lifelong/project/finance,110,,,,,,,,,,,
wma-rfmemory,RFMemory,PENDING,subcategory,lifelong/project/health,110,,,,,,,,,,,
wma-rfmemory,RFMemory,PENDING,subcategory,lifelong/project/software,110,,,,,,,,,,,
wma-rfmemory,RFMemory,PENDING,subcategory,lifelong/project/startup,110,,,,,,,,,,,
wma-mmmemory,MMMemory,PENDING,overall,overall,7906,,,,,,,,,,,
wma-mmmemory,MMMemory,PENDING,question_type,CMR,548,,,,,,,,,,,
wma-mmmemory,MMMemory,PENDING,question_type,DU,606,,,,,,,,,,,
wma-mmmemory,MMMemory,PENDING,question_type,FR,591,,,,,,,,,,,
wma-mmmemory,MMMemory,PENDING,question_type,KR,593,,,,,,,,,,,
wma-mmmemory,MMMemory,PENDING,question_type,MB,615,,,,,,,,,,,
wma-mmmemory,MMMemory,PENDING,question_type,MC,604,,,,,,,,,,,
wma-mmmemory,MMMemory,PENDING,question_type,TR,582,,,,,,,,,,,
wma-mmmemory,MMMemory,PENDING,question_type,TTL,582,,,,,,,,,,,
wma-mmmemory,MMMemory,PENDING,question_type,UNKNOWN,1356,,,,,,,,,,,
wma-mmmemory,MMMemory,PENDING,question_type,VFR,614,,,,,,,,,,,
wma-mmmemory,MMMemory,PENDING,question_type,VS,609,,,,,,,,,,,
wma-mmmemory,MMMemory,PENDING,question_type,VU,606,,,,,,,,,,,
wma-mmmemory,MMMemory,PENDING,scope,agent,6806,,,,,,,,,,,
wma-mmmemory,MMMemory,PENDING,scope,lifelong,1100,,,,,,,,,,,
wma-mmmemory,MMMemory,PENDING,task_family,agent/embodied,3718,,,,,,,,,,,
wma-mmmemory,MMMemory,PENDING,task_family,agent/gui,3088,,,,,,,,,,,
wma-mmmemory,MMMemory,PENDING,task_family,lifelong/personal,440,,,,,,,,,,,
wma-mmmemory,MMMemory,PENDING,task_family,lifelong/project,660,,,,,,,,,,,
wma-mmmemory,MMMemory,PENDING,difficulty,easy,1450,,,,,,,,,,,
wma-mmmemory,MMMemory,PENDING,difficulty,hard,3047,,,,,,,,,,,
wma-mmmemory,MMMemory,PENDING,difficulty,medium,3409,,,,,,,,,,,
wma-mmmemory,MMMemory,PENDING,evidence_modality,image,1891,,,,,,,,,,,
wma-mmmemory,MMMemory,PENDING,evidence_modality,image+memory,4050,,,,,,,,,,,
wma-mmmemory,MMMemory,PENDING,evidence_modality,memory,1323,,,,,,,,,,,
wma-mmmemory,MMMemory,PENDING,evidence_modality,none,642,,,,,,,,,,,
wma-mmmemory,MMMemory,PENDING,subcategory,agent/embodied/eb_alfred_base,210,,,,,,,,,,,
wma-mmmemory,MMMemory,PENDING,subcategory,agent/embodied/eb_alfred_common_sense,212,,,,,,,,,,,
wma-mmmemory,MMMemory,PENDING,subcategory,agent/embodied/eb_alfred_complex_instruction,214,,,,,,,,,,,
wma-mmmemory,MMMemory,PENDING,subcategory,agent/embodied/eb_alfred_long_horizon,218,,,,,,,,,,,
wma-mmmemory,MMMemory,PENDING,subcategory,agent/embodied/eb_alfred_visual_appearance,161,,,,,,,,,,,
wma-mmmemory,MMMemory,PENDING,subcategory,agent/embodied/eb_nav_base,217,,,,,,,,,,,
wma-mmmemory,MMMemory,PENDING,subcategory,agent/embodied/eb_nav_common_sense,217,,,,,,,,,,,
wma-mmmemory,MMMemory,PENDING,subcategory,agent/embodied/eb_nav_complex_instruction,214,,,,,,,,,,,
wma-mmmemory,MMMemory,PENDING,subcategory,agent/embodied/eb_nav_long_horizon,262,,,,,,,,,,,
wma-mmmemory,MMMemory,PENDING,subcategory,agent/embodied/eb_nav_visual_appearance,216,,,,,,,,,,,
wma-mmmemory,MMMemory,PENDING,subcategory,agent/embodied/minecraft,709,,,,,,,,,,,
wma-mmmemory,MMMemory,PENDING,subcategory,agent/embodied/omnigibson,868,,,,,,,,,,,
wma-mmmemory,MMMemory,PENDING,subcategory,agent/gui/css,408,,,,,,,,,,,
wma-mmmemory,MMMemory,PENDING,subcategory,agent/gui/excel,311,,,,,,,,,,,
wma-mmmemory,MMMemory,PENDING,subcategory,agent/gui/file_mgmt,273,,,,,,,,,,,
wma-mmmemory,MMMemory,PENDING,subcategory,agent/gui/image_edit,364,,,,,,,,,,,
wma-mmmemory,MMMemory,PENDING,subcategory,agent/gui/mobile,289,,,,,,,,,,,
wma-mmmemory,MMMemory,PENDING,subcategory,agent/gui/web,327,,,,,,,,,,,
wma-mmmemory,MMMemory,PENDING,subcategory,agent/gui/webarena_lite,792,,,,,,,,,,,
wma-mmmemory,MMMemory,PENDING,subcategory,agent/gui/word_docs,324,,,,,,,,,,,
wma-mmmemory,MMMemory,PENDING,subcategory,lifelong/personal,440,,,,,,,,,,,
wma-mmmemory,MMMemory,PENDING,subcategory,lifelong/project/academic,110,,,,,,,,,,,
wma-mmmemory,MMMemory,PENDING,subcategory,lifelong/project/education,110,,,,,,,,,,,
wma-mmmemory,MMMemory,PENDING,subcategory,lifelong/project/finance,110,,,,,,,,,,,
wma-mmmemory,MMMemory,PENDING,subcategory,lifelong/project/health,110,,,,,,,,,,,
wma-mmmemory,MMMemory,PENDING,subcategory,lifelong/project/software,110,,,,,,,,,,,
wma-mmmemory,MMMemory,PENDING,subcategory,lifelong/project/startup,110,,,,,,,,,,,
wma-mmfumemory,MMFUMemory,PENDING,overall,overall,7906,,,,,,,,,,,
wma-mmfumemory,MMFUMemory,PENDING,question_type,CMR,548,,,,,,,,,,,
wma-mmfumemory,MMFUMemory,PENDING,question_type,DU,606,,,,,,,,,,,
wma-mmfumemory,MMFUMemory,PENDING,question_type,FR,591,,,,,,,,,,,
wma-mmfumemory,MMFUMemory,PENDING,question_type,KR,593,,,,,,,,,,,
wma-mmfumemory,MMFUMemory,PENDING,question_type,MB,615,,,,,,,,,,,
wma-mmfumemory,MMFUMemory,PENDING,question_type,MC,604,,,,,,,,,,,
wma-mmfumemory,MMFUMemory,PENDING,question_type,TR,582,,,,,,,,,,,
wma-mmfumemory,MMFUMemory,PENDING,question_type,TTL,582,,,,,,,,,,,
wma-mmfumemory,MMFUMemory,PENDING,question_type,UNKNOWN,1356,,,,,,,,,,,
wma-mmfumemory,MMFUMemory,PENDING,question_type,VFR,614,,,,,,,,,,,
wma-mmfumemory,MMFUMemory,PENDING,question_type,VS,609,,,,,,,,,,,
wma-mmfumemory,MMFUMemory,PENDING,question_type,VU,606,,,,,,,,,,,
wma-mmfumemory,MMFUMemory,PENDING,scope,agent,6806,,,,,,,,,,,
wma-mmfumemory,MMFUMemory,PENDING,scope,lifelong,1100,,,,,,,,,,,
wma-mmfumemory,MMFUMemory,PENDING,task_family,agent/embodied,3718,,,,,,,,,,,
wma-mmfumemory,MMFUMemory,PENDING,task_family,agent/gui,3088,,,,,,,,,,,
wma-mmfumemory,MMFUMemory,PENDING,task_family,lifelong/personal,440,,,,,,,,,,,
wma-mmfumemory,MMFUMemory,PENDING,task_family,lifelong/project,660,,,,,,,,,,,
wma-mmfumemory,MMFUMemory,PENDING,difficulty,easy,1450,,,,,,,,,,,
wma-mmfumemory,MMFUMemory,PENDING,difficulty,hard,3047,,,,,,,,,,,
wma-mmfumemory,MMFUMemory,PENDING,difficulty,medium,3409,,,,,,,,,,,
wma-mmfumemory,MMFUMemory,PENDING,evidence_modality,image,1891,,,,,,,,,,,
wma-mmfumemory,MMFUMemory,PENDING,evidence_modality,image+memory,4050,,,,,,,,,,,
wma-mmfumemory,MMFUMemory,PENDING,evidence_modality,memory,1323,,,,,,,,,,,
wma-mmfumemory,MMFUMemory,PENDING,evidence_modality,none,642,,,,,,,,,,,
wma-mmfumemory,MMFUMemory,PENDING,subcategory,agent/embodied/eb_alfred_base,210,,,,,,,,,,,
wma-mmfumemory,MMFUMemory,PENDING,subcategory,agent/embodied/eb_alfred_common_sense,212,,,,,,,,,,,
wma-mmfumemory,MMFUMemory,PENDING,subcategory,agent/embodied/eb_alfred_complex_instruction,214,,,,,,,,,,,
wma-mmfumemory,MMFUMemory,PENDING,subcategory,agent/embodied/eb_alfred_long_horizon,218,,,,,,,,,,,
wma-mmfumemory,MMFUMemory,PENDING,subcategory,agent/embodied/eb_alfred_visual_appearance,161,,,,,,,,,,,
wma-mmfumemory,MMFUMemory,PENDING,subcategory,agent/embodied/eb_nav_base,217,,,,,,,,,,,
wma-mmfumemory,MMFUMemory,PENDING,subcategory,agent/embodied/eb_nav_common_sense,217,,,,,,,,,,,
wma-mmfumemory,MMFUMemory,PENDING,subcategory,agent/embodied/eb_nav_complex_instruction,214,,,,,,,,,,,
wma-mmfumemory,MMFUMemory,PENDING,subcategory,agent/embodied/eb_nav_long_horizon,262,,,,,,,,,,,
wma-mmfumemory,MMFUMemory,PENDING,subcategory,agent/embodied/eb_nav_visual_appearance,216,,,,,,,,,,,
wma-mmfumemory,MMFUMemory,PENDING,subcategory,agent/embodied/minecraft,709,,,,,,,,,,,
wma-mmfumemory,MMFUMemory,PENDING,subcategory,agent/embodied/omnigibson,868,,,,,,,,,,,
wma-mmfumemory,MMFUMemory,PENDING,subcategory,agent/gui/css,408,,,,,,,,,,,
wma-mmfumemory,MMFUMemory,PENDING,subcategory,agent/gui/excel,311,,,,,,,,,,,
wma-mmfumemory,MMFUMemory,PENDING,subcategory,agent/gui/file_mgmt,273,,,,,,,,,,,
wma-mmfumemory,MMFUMemory,PENDING,subcategory,agent/gui/image_edit,364,,,,,,,,,,,
wma-mmfumemory,MMFUMemory,PENDING,subcategory,agent/gui/mobile,289,,,,,,,,,,,
wma-mmfumemory,MMFUMemory,PENDING,subcategory,agent/gui/web,327,,,,,,,,,,,
wma-mmfumemory,MMFUMemory,PENDING,subcategory,agent/gui/webarena_lite,792,,,,,,,,,,,
wma-mmfumemory,MMFUMemory,PENDING,subcategory,agent/gui/word_docs,324,,,,,,,,,,,
wma-mmfumemory,MMFUMemory,PENDING,subcategory,lifelong/personal,440,,,,,,,,,,,
wma-mmfumemory,MMFUMemory,PENDING,subcategory,lifelong/project/academic,110,,,,,,,,,,,
wma-mmfumemory,MMFUMemory,PENDING,subcategory,lifelong/project/education,110,,,,,,,,,,,
wma-mmfumemory,MMFUMemory,PENDING,subcategory,lifelong/project/finance,110,,,,,,,,,,,
wma-mmfumemory,MMFUMemory,PENDING,subcategory,lifelong/project/health,110,,,,,,,,,,,
wma-mmfumemory,MMFUMemory,PENDING,subcategory,lifelong/project/software,110,,,,,,,,,,,
wma-mmfumemory,MMFUMemory,PENDING,subcategory,lifelong/project/startup,110,,,,,,,,,,,
wma-mmfu-single,MMFU_Single,PENDING,overall,overall,7906,,,,,,,,,,,
wma-mmfu-single,MMFU_Single,PENDING,question_type,CMR,548,,,,,,,,,,,
wma-mmfu-single,MMFU_Single,PENDING,question_type,DU,606,,,,,,,,,,,
wma-mmfu-single,MMFU_Single,PENDING,question_type,FR,591,,,,,,,,,,,
wma-mmfu-single,MMFU_Single,PENDING,question_type,KR,593,,,,,,,,,,,
wma-mmfu-single,MMFU_Single,PENDING,question_type,MB,615,,,,,,,,,,,
wma-mmfu-single,MMFU_Single,PENDING,question_type,MC,604,,,,,,,,,,,
wma-mmfu-single,MMFU_Single,PENDING,question_type,TR,582,,,,,,,,,,,
wma-mmfu-single,MMFU_Single,PENDING,question_type,TTL,582,,,,,,,,,,,
wma-mmfu-single,MMFU_Single,PENDING,question_type,UNKNOWN,1356,,,,,,,,,,,
wma-mmfu-single,MMFU_Single,PENDING,question_type,VFR,614,,,,,,,,,,,
wma-mmfu-single,MMFU_Single,PENDING,question_type,VS,609,,,,,,,,,,,
wma-mmfu-single,MMFU_Single,PENDING,question_type,VU,606,,,,,,,,,,,
wma-mmfu-single,MMFU_Single,PENDING,scope,agent,6806,,,,,,,,,,,
wma-mmfu-single,MMFU_Single,PENDING,scope,lifelong,1100,,,,,,,,,,,
wma-mmfu-single,MMFU_Single,PENDING,task_family,agent/embodied,3718,,,,,,,,,,,
wma-mmfu-single,MMFU_Single,PENDING,task_family,agent/gui,3088,,,,,,,,,,,
wma-mmfu-single,MMFU_Single,PENDING,task_family,lifelong/personal,440,,,,,,,,,,,
wma-mmfu-single,MMFU_Single,PENDING,task_family,lifelong/project,660,,,,,,,,,,,
wma-mmfu-single,MMFU_Single,PENDING,difficulty,easy,1450,,,,,,,,,,,
wma-mmfu-single,MMFU_Single,PENDING,difficulty,hard,3047,,,,,,,,,,,
wma-mmfu-single,MMFU_Single,PENDING,difficulty,medium,3409,,,,,,,,,,,
wma-mmfu-single,MMFU_Single,PENDING,evidence_modality,image,1891,,,,,,,,,,,
wma-mmfu-single,MMFU_Single,PENDING,evidence_modality,image+memory,4050,,,,,,,,,,,
wma-mmfu-single,MMFU_Single,PENDING,evidence_modality,memory,1323,,,,,,,,,,,
wma-mmfu-single,MMFU_Single,PENDING,evidence_modality,none,642,,,,,,,,,,,
wma-mmfu-single,MMFU_Single,PENDING,subcategory,agent/embodied/eb_alfred_base,210,,,,,,,,,,,
wma-mmfu-single,MMFU_Single,PENDING,subcategory,agent/embodied/eb_alfred_common_sense,212,,,,,,,,,,,
wma-mmfu-single,MMFU_Single,PENDING,subcategory,agent/embodied/eb_alfred_complex_instruction,214,,,,,,,,,,,
wma-mmfu-single,MMFU_Single,PENDING,subcategory,agent/embodied/eb_alfred_long_horizon,218,,,,,,,,,,,
wma-mmfu-single,MMFU_Single,PENDING,subcategory,agent/embodied/eb_alfred_visual_appearance,161,,,,,,,,,,,
wma-mmfu-single,MMFU_Single,PENDING,subcategory,agent/embodied/eb_nav_base,217,,,,,,,,,,,
wma-mmfu-single,MMFU_Single,PENDING,subcategory,agent/embodied/eb_nav_common_sense,217,,,,,,,,,,,
wma-mmfu-single,MMFU_Single,PENDING,subcategory,agent/embodied/eb_nav_complex_instruction,214,,,,,,,,,,,
wma-mmfu-single,MMFU_Single,PENDING,subcategory,agent/embodied/eb_nav_long_horizon,262,,,,,,,,,,,
wma-mmfu-single,MMFU_Single,PENDING,subcategory,agent/embodied/eb_nav_visual_appearance,216,,,,,,,,,,,
wma-mmfu-single,MMFU_Single,PENDING,subcategory,agent/embodied/minecraft,709,,,,,,,,,,,
wma-mmfu-single,MMFU_Single,PENDING,subcategory,agent/embodied/omnigibson,868,,,,,,,,,,,
wma-mmfu-single,MMFU_Single,PENDING,subcategory,agent/gui/css,408,,,,,,,,,,,
wma-mmfu-single,MMFU_Single,PENDING,subcategory,agent/gui/excel,311,,,,,,,,,,,
wma-mmfu-single,MMFU_Single,PENDING,subcategory,agent/gui/file_mgmt,273,,,,,,,,,,,
wma-mmfu-single,MMFU_Single,PENDING,subcategory,agent/gui/image_edit,364,,,,,,,,,,,
wma-mmfu-single,MMFU_Single,PENDING,subcategory,agent/gui/mobile,289,,,,,,,,,,,
wma-mmfu-single,MMFU_Single,PENDING,subcategory,agent/gui/web,327,,,,,,,,,,,
wma-mmfu-single,MMFU_Single,PENDING,subcategory,agent/gui/webarena_lite,792,,,,,,,,,,,
wma-mmfu-single,MMFU_Single,PENDING,subcategory,agent/gui/word_docs,324,,,,,,,,,,,
wma-mmfu-single,MMFU_Single,PENDING,subcategory,lifelong/personal,440,,,,,,,,,,,
wma-mmfu-single,MMFU_Single,PENDING,subcategory,lifelong/project/academic,110,,,,,,,,,,,
wma-mmfu-single,MMFU_Single,PENDING,subcategory,lifelong/project/education,110,,,,,,,,,,,
wma-mmfu-single,MMFU_Single,PENDING,subcategory,lifelong/project/finance,110,,,,,,,,,,,
wma-mmfu-single,MMFU_Single,PENDING,subcategory,lifelong/project/health,110,,,,,,,,,,,
wma-mmfu-single,MMFU_Single,PENDING,subcategory,lifelong/project/software,110,,,,,,,,,,,
wma-mmfu-single,MMFU_Single,PENDING,subcategory,lifelong/project/startup,110,,,,,,,,,,,
wma-ngmemory,NGMemory,PENDING,overall,overall,7906,,,,,,,,,,,
wma-ngmemory,NGMemory,PENDING,question_type,CMR,548,,,,,,,,,,,
wma-ngmemory,NGMemory,PENDING,question_type,DU,606,,,,,,,,,,,
wma-ngmemory,NGMemory,PENDING,question_type,FR,591,,,,,,,,,,,
wma-ngmemory,NGMemory,PENDING,question_type,KR,593,,,,,,,,,,,
wma-ngmemory,NGMemory,PENDING,question_type,MB,615,,,,,,,,,,,
wma-ngmemory,NGMemory,PENDING,question_type,MC,604,,,,,,,,,,,
wma-ngmemory,NGMemory,PENDING,question_type,TR,582,,,,,,,,,,,
wma-ngmemory,NGMemory,PENDING,question_type,TTL,582,,,,,,,,,,,
wma-ngmemory,NGMemory,PENDING,question_type,UNKNOWN,1356,,,,,,,,,,,
wma-ngmemory,NGMemory,PENDING,question_type,VFR,614,,,,,,,,,,,
wma-ngmemory,NGMemory,PENDING,question_type,VS,609,,,,,,,,,,,
wma-ngmemory,NGMemory,PENDING,question_type,VU,606,,,,,,,,,,,
wma-ngmemory,NGMemory,PENDING,scope,agent,6806,,,,,,,,,,,
wma-ngmemory,NGMemory,PENDING,scope,lifelong,1100,,,,,,,,,,,
wma-ngmemory,NGMemory,PENDING,task_family,agent/embodied,3718,,,,,,,,,,,
wma-ngmemory,NGMemory,PENDING,task_family,agent/gui,3088,,,,,,,,,,,
wma-ngmemory,NGMemory,PENDING,task_family,lifelong/personal,440,,,,,,,,,,,
wma-ngmemory,NGMemory,PENDING,task_family,lifelong/project,660,,,,,,,,,,,
wma-ngmemory,NGMemory,PENDING,difficulty,easy,1450,,,,,,,,,,,
wma-ngmemory,NGMemory,PENDING,difficulty,hard,3047,,,,,,,,,,,
wma-ngmemory,NGMemory,PENDING,difficulty,medium,3409,,,,,,,,,,,
wma-ngmemory,NGMemory,PENDING,evidence_modality,image,1891,,,,,,,,,,,
wma-ngmemory,NGMemory,PENDING,evidence_modality,image+memory,4050,,,,,,,,,,,
wma-ngmemory,NGMemory,PENDING,evidence_modality,memory,1323,,,,,,,,,,,
wma-ngmemory,NGMemory,PENDING,evidence_modality,none,642,,,,,,,,,,,
wma-ngmemory,NGMemory,PENDING,subcategory,agent/embodied/eb_alfred_base,210,,,,,,,,,,,
wma-ngmemory,NGMemory,PENDING,subcategory,agent/embodied/eb_alfred_common_sense,212,,,,,,,,,,,
wma-ngmemory,NGMemory,PENDING,subcategory,agent/embodied/eb_alfred_complex_instruction,214,,,,,,,,,,,
wma-ngmemory,NGMemory,PENDING,subcategory,agent/embodied/eb_alfred_long_horizon,218,,,,,,,,,,,
wma-ngmemory,NGMemory,PENDING,subcategory,agent/embodied/eb_alfred_visual_appearance,161,,,,,,,,,,,
wma-ngmemory,NGMemory,PENDING,subcategory,agent/embodied/eb_nav_base,217,,,,,,,,,,,
wma-ngmemory,NGMemory,PENDING,subcategory,agent/embodied/eb_nav_common_sense,217,,,,,,,,,,,
wma-ngmemory,NGMemory,PENDING,subcategory,agent/embodied/eb_nav_complex_instruction,214,,,,,,,,,,,
wma-ngmemory,NGMemory,PENDING,subcategory,agent/embodied/eb_nav_long_horizon,262,,,,,,,,,,,
wma-ngmemory,NGMemory,PENDING,subcategory,agent/embodied/eb_nav_visual_appearance,216,,,,,,,,,,,
wma-ngmemory,NGMemory,PENDING,subcategory,agent/embodied/minecraft,709,,,,,,,,,,,
wma-ngmemory,NGMemory,PENDING,subcategory,agent/embodied/omnigibson,868,,,,,,,,,,,
wma-ngmemory,NGMemory,PENDING,subcategory,agent/gui/css,408,,,,,,,,,,,
wma-ngmemory,NGMemory,PENDING,subcategory,agent/gui/excel,311,,,,,,,,,,,
wma-ngmemory,NGMemory,PENDING,subcategory,agent/gui/file_mgmt,273,,,,,,,,,,,
wma-ngmemory,NGMemory,PENDING,subcategory,agent/gui/image_edit,364,,,,,,,,,,,
wma-ngmemory,NGMemory,PENDING,subcategory,agent/gui/mobile,289,,,,,,,,,,,
wma-ngmemory,NGMemory,PENDING,subcategory,agent/gui/web,327,,,,,,,,,,,
wma-ngmemory,NGMemory,PENDING,subcategory,agent/gui/webarena_lite,792,,,,,,,,,,,
wma-ngmemory,NGMemory,PENDING,subcategory,agent/gui/word_docs,324,,,,,,,,,,,
wma-ngmemory,NGMemory,PENDING,subcategory,lifelong/personal,440,,,,,,,,,,,
wma-ngmemory,NGMemory,PENDING,subcategory,lifelong/project/academic,110,,,,,,,,,,,
wma-ngmemory,NGMemory,PENDING,subcategory,lifelong/project/education,110,,,,,,,,,,,
wma-ngmemory,NGMemory,PENDING,subcategory,lifelong/project/finance,110,,,,,,,,,,,
wma-ngmemory,NGMemory,PENDING,subcategory,lifelong/project/health,110,,,,,,,,,,,
wma-ngmemory,NGMemory,PENDING,subcategory,lifelong/project/software,110,,,,,,,,,,,
wma-ngmemory,NGMemory,PENDING,subcategory,lifelong/project/startup,110,,,,,,,,,,,
wma-augustus,AUGUSTUSMemory,PENDING,overall,overall,7906,,,,,,,,,,,
wma-augustus,AUGUSTUSMemory,PENDING,question_type,CMR,548,,,,,,,,,,,
wma-augustus,AUGUSTUSMemory,PENDING,question_type,DU,606,,,,,,,,,,,
wma-augustus,AUGUSTUSMemory,PENDING,question_type,FR,591,,,,,,,,,,,
wma-augustus,AUGUSTUSMemory,PENDING,question_type,KR,593,,,,,,,,,,,
wma-augustus,AUGUSTUSMemory,PENDING,question_type,MB,615,,,,,,,,,,,
wma-augustus,AUGUSTUSMemory,PENDING,question_type,MC,604,,,,,,,,,,,
wma-augustus,AUGUSTUSMemory,PENDING,question_type,TR,582,,,,,,,,,,,
wma-augustus,AUGUSTUSMemory,PENDING,question_type,TTL,582,,,,,,,,,,,
wma-augustus,AUGUSTUSMemory,PENDING,question_type,UNKNOWN,1356,,,,,,,,,,,
wma-augustus,AUGUSTUSMemory,PENDING,question_type,VFR,614,,,,,,,,,,,
wma-augustus,AUGUSTUSMemory,PENDING,question_type,VS,609,,,,,,,,,,,
wma-augustus,AUGUSTUSMemory,PENDING,question_type,VU,606,,,,,,,,,,,
wma-augustus,AUGUSTUSMemory,PENDING,scope,agent,6806,,,,,,,,,,,
wma-augustus,AUGUSTUSMemory,PENDING,scope,lifelong,1100,,,,,,,,,,,
wma-augustus,AUGUSTUSMemory,PENDING,task_family,agent/embodied,3718,,,,,,,,,,,
wma-augustus,AUGUSTUSMemory,PENDING,task_family,agent/gui,3088,,,,,,,,,,,
wma-augustus,AUGUSTUSMemory,PENDING,task_family,lifelong/personal,440,,,,,,,,,,,
wma-augustus,AUGUSTUSMemory,PENDING,task_family,lifelong/project,660,,,,,,,,,,,
wma-augustus,AUGUSTUSMemory,PENDING,difficulty,easy,1450,,,,,,,,,,,
wma-augustus,AUGUSTUSMemory,PENDING,difficulty,hard,3047,,,,,,,,,,,
wma-augustus,AUGUSTUSMemory,PENDING,difficulty,medium,3409,,,,,,,,,,,
wma-augustus,AUGUSTUSMemory,PENDING,evidence_modality,image,1891,,,,,,,,,,,
wma-augustus,AUGUSTUSMemory,PENDING,evidence_modality,image+memory,4050,,,,,,,,,,,
wma-augustus,AUGUSTUSMemory,PENDING,evidence_modality,memory,1323,,,,,,,,,,,
wma-augustus,AUGUSTUSMemory,PENDING,evidence_modality,none,642,,,,,,,,,,,
wma-augustus,AUGUSTUSMemory,PENDING,subcategory,agent/embodied/eb_alfred_base,210,,,,,,,,,,,
wma-augustus,AUGUSTUSMemory,PENDING,subcategory,agent/embodied/eb_alfred_common_sense,212,,,,,,,,,,,
wma-augustus,AUGUSTUSMemory,PENDING,subcategory,agent/embodied/eb_alfred_complex_instruction,214,,,,,,,,,,,
wma-augustus,AUGUSTUSMemory,PENDING,subcategory,agent/embodied/eb_alfred_long_horizon,218,,,,,,,,,,,
wma-augustus,AUGUSTUSMemory,PENDING,subcategory,agent/embodied/eb_alfred_visual_appearance,161,,,,,,,,,,,
wma-augustus,AUGUSTUSMemory,PENDING,subcategory,agent/embodied/eb_nav_base,217,,,,,,,,,,,
wma-augustus,AUGUSTUSMemory,PENDING,subcategory,agent/embodied/eb_nav_common_sense,217,,,,,,,,,,,
wma-augustus,AUGUSTUSMemory,PENDING,subcategory,agent/embodied/eb_nav_complex_instruction,214,,,,,,,,,,,
wma-augustus,AUGUSTUSMemory,PENDING,subcategory,agent/embodied/eb_nav_long_horizon,262,,,,,,,,,,,
wma-augustus,AUGUSTUSMemory,PENDING,subcategory,agent/embodied/eb_nav_visual_appearance,216,,,,,,,,,,,
wma-augustus,AUGUSTUSMemory,PENDING,subcategory,agent/embodied/minecraft,709,,,,,,,,,,,
wma-augustus,AUGUSTUSMemory,PENDING,subcategory,agent/embodied/omnigibson,868,,,,,,,,,,,
wma-augustus,AUGUSTUSMemory,PENDING,subcategory,agent/gui/css,408,,,,,,,,,,,
wma-augustus,AUGUSTUSMemory,PENDING,subcategory,agent/gui/excel,311,,,,,,,,,,,
wma-augustus,AUGUSTUSMemory,PENDING,subcategory,agent/gui/file_mgmt,273,,,,,,,,,,,
wma-augustus,AUGUSTUSMemory,PENDING,subcategory,agent/gui/image_edit,364,,,,,,,,,,,
wma-augustus,AUGUSTUSMemory,PENDING,subcategory,agent/gui/mobile,289,,,,,,,,,,,
wma-augustus,AUGUSTUSMemory,PENDING,subcategory,agent/gui/web,327,,,,,,,,,,,
wma-augustus,AUGUSTUSMemory,PENDING,subcategory,agent/gui/webarena_lite,792,,,,,,,,,,,
wma-augustus,AUGUSTUSMemory,PENDING,subcategory,agent/gui/word_docs,324,,,,,,,,,,,
wma-augustus,AUGUSTUSMemory,PENDING,subcategory,lifelong/personal,440,,,,,,,,,,,
wma-augustus,AUGUSTUSMemory,PENDING,subcategory,lifelong/project/academic,110,,,,,,,,,,,
wma-augustus,AUGUSTUSMemory,PENDING,subcategory,lifelong/project/education,110,,,,,,,,,,,
wma-augustus,AUGUSTUSMemory,PENDING,subcategory,lifelong/project/finance,110,,,,,,,,,,,
wma-augustus,AUGUSTUSMemory,PENDING,subcategory,lifelong/project/health,110,,,,,,,,,,,
wma-augustus,AUGUSTUSMemory,PENDING,subcategory,lifelong/project/software,110,,,,,,,,,,,
wma-augustus,AUGUSTUSMemory,PENDING,subcategory,lifelong/project/startup,110,,,,,,,,,,,
wma-universalrag,UniversalRAGMemory,PENDING,overall,overall,7906,,,,,,,,,,,
wma-universalrag,UniversalRAGMemory,PENDING,question_type,CMR,548,,,,,,,,,,,
wma-universalrag,UniversalRAGMemory,PENDING,question_type,DU,606,,,,,,,,,,,
wma-universalrag,UniversalRAGMemory,PENDING,question_type,FR,591,,,,,,,,,,,
wma-universalrag,UniversalRAGMemory,PENDING,question_type,KR,593,,,,,,,,,,,
wma-universalrag,UniversalRAGMemory,PENDING,question_type,MB,615,,,,,,,,,,,
wma-universalrag,UniversalRAGMemory,PENDING,question_type,MC,604,,,,,,,,,,,
wma-universalrag,UniversalRAGMemory,PENDING,question_type,TR,582,,,,,,,,,,,
wma-universalrag,UniversalRAGMemory,PENDING,question_type,TTL,582,,,,,,,,,,,
wma-universalrag,UniversalRAGMemory,PENDING,question_type,UNKNOWN,1356,,,,,,,,,,,
wma-universalrag,UniversalRAGMemory,PENDING,question_type,VFR,614,,,,,,,,,,,
wma-universalrag,UniversalRAGMemory,PENDING,question_type,VS,609,,,,,,,,,,,
wma-universalrag,UniversalRAGMemory,PENDING,question_type,VU,606,,,,,,,,,,,
wma-universalrag,UniversalRAGMemory,PENDING,scope,agent,6806,,,,,,,,,,,
wma-universalrag,UniversalRAGMemory,PENDING,scope,lifelong,1100,,,,,,,,,,,
wma-universalrag,UniversalRAGMemory,PENDING,task_family,agent/embodied,3718,,,,,,,,,,,
wma-universalrag,UniversalRAGMemory,PENDING,task_family,agent/gui,3088,,,,,,,,,,,
wma-universalrag,UniversalRAGMemory,PENDING,task_family,lifelong/personal,440,,,,,,,,,,,
wma-universalrag,UniversalRAGMemory,PENDING,task_family,lifelong/project,660,,,,,,,,,,,
wma-universalrag,UniversalRAGMemory,PENDING,difficulty,easy,1450,,,,,,,,,,,
wma-universalrag,UniversalRAGMemory,PENDING,difficulty,hard,3047,,,,,,,,,,,
wma-universalrag,UniversalRAGMemory,PENDING,difficulty,medium,3409,,,,,,,,,,,
wma-universalrag,UniversalRAGMemory,PENDING,evidence_modality,image,1891,,,,,,,,,,,
wma-universalrag,UniversalRAGMemory,PENDING,evidence_modality,image+memory,4050,,,,,,,,,,,
wma-universalrag,UniversalRAGMemory,PENDING,evidence_modality,memory,1323,,,,,,,,,,,
wma-universalrag,UniversalRAGMemory,PENDING,evidence_modality,none,642,,,,,,,,,,,
wma-universalrag,UniversalRAGMemory,PENDING,subcategory,agent/embodied/eb_alfred_base,210,,,,,,,,,,,
wma-universalrag,UniversalRAGMemory,PENDING,subcategory,agent/embodied/eb_alfred_common_sense,212,,,,,,,,,,,
wma-universalrag,UniversalRAGMemory,PENDING,subcategory,agent/embodied/eb_alfred_complex_instruction,214,,,,,,,,,,,
wma-universalrag,UniversalRAGMemory,PENDING,subcategory,agent/embodied/eb_alfred_long_horizon,218,,,,,,,,,,,
wma-universalrag,UniversalRAGMemory,PENDING,subcategory,agent/embodied/eb_alfred_visual_appearance,161,,,,,,,,,,,
wma-universalrag,UniversalRAGMemory,PENDING,subcategory,agent/embodied/eb_nav_base,217,,,,,,,,,,,
wma-universalrag,UniversalRAGMemory,PENDING,subcategory,agent/embodied/eb_nav_common_sense,217,,,,,,,,,,,
wma-universalrag,UniversalRAGMemory,PENDING,subcategory,agent/embodied/eb_nav_complex_instruction,214,,,,,,,,,,,
wma-universalrag,UniversalRAGMemory,PENDING,subcategory,agent/embodied/eb_nav_long_horizon,262,,,,,,,,,,,
wma-universalrag,UniversalRAGMemory,PENDING,subcategory,agent/embodied/eb_nav_visual_appearance,216,,,,,,,,,,,
wma-universalrag,UniversalRAGMemory,PENDING,subcategory,agent/embodied/minecraft,709,,,,,,,,,,,
wma-universalrag,UniversalRAGMemory,PENDING,subcategory,agent/embodied/omnigibson,868,,,,,,,,,,,
wma-universalrag,UniversalRAGMemory,PENDING,subcategory,agent/gui/css,408,,,,,,,,,,,
wma-universalrag,UniversalRAGMemory,PENDING,subcategory,agent/gui/excel,311,,,,,,,,,,,
wma-universalrag,UniversalRAGMemory,PENDING,subcategory,agent/gui/file_mgmt,273,,,,,,,,,,,
wma-universalrag,UniversalRAGMemory,PENDING,subcategory,agent/gui/image_edit,364,,,,,,,,,,,
wma-universalrag,UniversalRAGMemory,PENDING,subcategory,agent/gui/mobile,289,,,,,,,,,,,
wma-universalrag,UniversalRAGMemory,PENDING,subcategory,agent/gui/web,327,,,,,,,,,,,
wma-universalrag,UniversalRAGMemory,PENDING,subcategory,agent/gui/webarena_lite,792,,,,,,,,,,,
wma-universalrag,UniversalRAGMemory,PENDING,subcategory,agent/gui/word_docs,324,,,,,,,,,,,
wma-universalrag,UniversalRAGMemory,PENDING,subcategory,lifelong/personal,440,,,,,,,,,,,
wma-universalrag,UniversalRAGMemory,PENDING,subcategory,lifelong/project/academic,110,,,,,,,,,,,
wma-universalrag,UniversalRAGMemory,PENDING,subcategory,lifelong/project/education,110,,,,,,,,,,,
wma-universalrag,UniversalRAGMemory,PENDING,subcategory,lifelong/project/finance,110,,,,,,,,,,,
wma-universalrag,UniversalRAGMemory,PENDING,subcategory,lifelong/project/health,110,,,,,,,,,,,
wma-universalrag,UniversalRAGMemory,PENDING,subcategory,lifelong/project/software,110,,,,,,,,,,,
wma-universalrag,UniversalRAGMemory,PENDING,subcategory,lifelong/project/startup,110,,,,,,,,,,,
wma-a-mem,A-Mem,PENDING,overall,overall,7906,,,,,,,,,,,
wma-a-mem,A-Mem,PENDING,question_type,CMR,548,,,,,,,,,,,
wma-a-mem,A-Mem,PENDING,question_type,DU,606,,,,,,,,,,,
wma-a-mem,A-Mem,PENDING,question_type,FR,591,,,,,,,,,,,
wma-a-mem,A-Mem,PENDING,question_type,KR,593,,,,,,,,,,,
wma-a-mem,A-Mem,PENDING,question_type,MB,615,,,,,,,,,,,
wma-a-mem,A-Mem,PENDING,question_type,MC,604,,,,,,,,,,,
wma-a-mem,A-Mem,PENDING,question_type,TR,582,,,,,,,,,,,
wma-a-mem,A-Mem,PENDING,question_type,TTL,582,,,,,,,,,,,
wma-a-mem,A-Mem,PENDING,question_type,UNKNOWN,1356,,,,,,,,,,,
wma-a-mem,A-Mem,PENDING,question_type,VFR,614,,,,,,,,,,,
wma-a-mem,A-Mem,PENDING,question_type,VS,609,,,,,,,,,,,
wma-a-mem,A-Mem,PENDING,question_type,VU,606,,,,,,,,,,,
wma-a-mem,A-Mem,PENDING,scope,agent,6806,,,,,,,,,,,
wma-a-mem,A-Mem,PENDING,scope,lifelong,1100,,,,,,,,,,,
wma-a-mem,A-Mem,PENDING,task_family,agent/embodied,3718,,,,,,,,,,,
wma-a-mem,A-Mem,PENDING,task_family,agent/gui,3088,,,,,,,,,,,
wma-a-mem,A-Mem,PENDING,task_family,lifelong/personal,440,,,,,,,,,,,
wma-a-mem,A-Mem,PENDING,task_family,lifelong/project,660,,,,,,,,,,,
wma-a-mem,A-Mem,PENDING,difficulty,easy,1450,,,,,,,,,,,
wma-a-mem,A-Mem,PENDING,difficulty,hard,3047,,,,,,,,,,,
wma-a-mem,A-Mem,PENDING,difficulty,medium,3409,,,,,,,,,,,
wma-a-mem,A-Mem,PENDING,evidence_modality,image,1891,,,,,,,,,,,
wma-a-mem,A-Mem,PENDING,evidence_modality,image+memory,4050,,,,,,,,,,,
wma-a-mem,A-Mem,PENDING,evidence_modality,memory,1323,,,,,,,,,,,
wma-a-mem,A-Mem,PENDING,evidence_modality,none,642,,,,,,,,,,,
wma-a-mem,A-Mem,PENDING,subcategory,agent/embodied/eb_alfred_base,210,,,,,,,,,,,
wma-a-mem,A-Mem,PENDING,subcategory,agent/embodied/eb_alfred_common_sense,212,,,,,,,,,,,
wma-a-mem,A-Mem,PENDING,subcategory,agent/embodied/eb_alfred_complex_instruction,214,,,,,,,,,,,
wma-a-mem,A-Mem,PENDING,subcategory,agent/embodied/eb_alfred_long_horizon,218,,,,,,,,,,,
wma-a-mem,A-Mem,PENDING,subcategory,agent/embodied/eb_alfred_visual_appearance,161,,,,,,,,,,,
wma-a-mem,A-Mem,PENDING,subcategory,agent/embodied/eb_nav_base,217,,,,,,,,,,,
wma-a-mem,A-Mem,PENDING,subcategory,agent/embodied/eb_nav_common_sense,217,,,,,,,,,,,
wma-a-mem,A-Mem,PENDING,subcategory,agent/embodied/eb_nav_complex_instruction,214,,,,,,,,,,,
wma-a-mem,A-Mem,PENDING,subcategory,agent/embodied/eb_nav_long_horizon,262,,,,,,,,,,,
wma-a-mem,A-Mem,PENDING,subcategory,agent/embodied/eb_nav_visual_appearance,216,,,,,,,,,,,
wma-a-mem,A-Mem,PENDING,subcategory,agent/embodied/minecraft,709,,,,,,,,,,,
wma-a-mem,A-Mem,PENDING,subcategory,agent/embodied/omnigibson,868,,,,,,,,,,,
wma-a-mem,A-Mem,PENDING,subcategory,agent/gui/css,408,,,,,,,,,,,
wma-a-mem,A-Mem,PENDING,subcategory,agent/gui/excel,311,,,,,,,,,,,
wma-a-mem,A-Mem,PENDING,subcategory,agent/gui/file_mgmt,273,,,,,,,,,,,
wma-a-mem,A-Mem,PENDING,subcategory,agent/gui/image_edit,364,,,,,,,,,,,
wma-a-mem,A-Mem,PENDING,subcategory,agent/gui/mobile,289,,,,,,,,,,,
wma-a-mem,A-Mem,PENDING,subcategory,agent/gui/web,327,,,,,,,,,,,
wma-a-mem,A-Mem,PENDING,subcategory,agent/gui/webarena_lite,792,,,,,,,,,,,
wma-a-mem,A-Mem,PENDING,subcategory,agent/gui/word_docs,324,,,,,,,,,,,
wma-a-mem,A-Mem,PENDING,subcategory,lifelong/personal,440,,,,,,,,,,,
wma-a-mem,A-Mem,PENDING,subcategory,lifelong/project/academic,110,,,,,,,,,,,
wma-a-mem,A-Mem,PENDING,subcategory,lifelong/project/education,110,,,,,,,,,,,
wma-a-mem,A-Mem,PENDING,subcategory,lifelong/project/finance,110,,,,,,,,,,,
wma-a-mem,A-Mem,PENDING,subcategory,lifelong/project/health,110,,,,,,,,,,,
wma-a-mem,A-Mem,PENDING,subcategory,lifelong/project/software,110,,,,,,,,,,,
wma-a-mem,A-Mem,PENDING,subcategory,lifelong/project/startup,110,,,,,,,,,,,
wma-simplemem,SimpleMem,PENDING,overall,overall,7906,,,,,,,,,,,
wma-simplemem,SimpleMem,PENDING,question_type,CMR,548,,,,,,,,,,,
wma-simplemem,SimpleMem,PENDING,question_type,DU,606,,,,,,,,,,,
wma-simplemem,SimpleMem,PENDING,question_type,FR,591,,,,,,,,,,,
wma-simplemem,SimpleMem,PENDING,question_type,KR,593,,,,,,,,,,,
wma-simplemem,SimpleMem,PENDING,question_type,MB,615,,,,,,,,,,,
wma-simplemem,SimpleMem,PENDING,question_type,MC,604,,,,,,,,,,,
wma-simplemem,SimpleMem,PENDING,question_type,TR,582,,,,,,,,,,,
wma-simplemem,SimpleMem,PENDING,question_type,TTL,582,,,,,,,,,,,
wma-simplemem,SimpleMem,PENDING,question_type,UNKNOWN,1356,,,,,,,,,,,
wma-simplemem,SimpleMem,PENDING,question_type,VFR,614,,,,,,,,,,,
wma-simplemem,SimpleMem,PENDING,question_type,VS,609,,,,,,,,,,,
wma-simplemem,SimpleMem,PENDING,question_type,VU,606,,,,,,,,,,,
wma-simplemem,SimpleMem,PENDING,scope,agent,6806,,,,,,,,,,,
wma-simplemem,SimpleMem,PENDING,scope,lifelong,1100,,,,,,,,,,,
wma-simplemem,SimpleMem,PENDING,task_family,agent/embodied,3718,,,,,,,,,,,
wma-simplemem,SimpleMem,PENDING,task_family,agent/gui,3088,,,,,,,,,,,
wma-simplemem,SimpleMem,PENDING,task_family,lifelong/personal,440,,,,,,,,,,,
wma-simplemem,SimpleMem,PENDING,task_family,lifelong/project,660,,,,,,,,,,,
wma-simplemem,SimpleMem,PENDING,difficulty,easy,1450,,,,,,,,,,,
wma-simplemem,SimpleMem,PENDING,difficulty,hard,3047,,,,,,,,,,,
wma-simplemem,SimpleMem,PENDING,difficulty,medium,3409,,,,,,,,,,,
wma-simplemem,SimpleMem,PENDING,evidence_modality,image,1891,,,,,,,,,,,
wma-simplemem,SimpleMem,PENDING,evidence_modality,image+memory,4050,,,,,,,,,,,
wma-simplemem,SimpleMem,PENDING,evidence_modality,memory,1323,,,,,,,,,,,
wma-simplemem,SimpleMem,PENDING,evidence_modality,none,642,,,,,,,,,,,
wma-simplemem,SimpleMem,PENDING,subcategory,agent/embodied/eb_alfred_base,210,,,,,,,,,,,
wma-simplemem,SimpleMem,PENDING,subcategory,agent/embodied/eb_alfred_common_sense,212,,,,,,,,,,,
wma-simplemem,SimpleMem,PENDING,subcategory,agent/embodied/eb_alfred_complex_instruction,214,,,,,,,,,,,
wma-simplemem,SimpleMem,PENDING,subcategory,agent/embodied/eb_alfred_long_horizon,218,,,,,,,,,,,
wma-simplemem,SimpleMem,PENDING,subcategory,agent/embodied/eb_alfred_visual_appearance,161,,,,,,,,,,,
wma-simplemem,SimpleMem,PENDING,subcategory,agent/embodied/eb_nav_base,217,,,,,,,,,,,
wma-simplemem,SimpleMem,PENDING,subcategory,agent/embodied/eb_nav_common_sense,217,,,,,,,,,,,
wma-simplemem,SimpleMem,PENDING,subcategory,agent/embodied/eb_nav_complex_instruction,214,,,,,,,,,,,
wma-simplemem,SimpleMem,PENDING,subcategory,agent/embodied/eb_nav_long_horizon,262,,,,,,,,,,,
wma-simplemem,SimpleMem,PENDING,subcategory,agent/embodied/eb_nav_visual_appearance,216,,,,,,,,,,,
wma-simplemem,SimpleMem,PENDING,subcategory,agent/embodied/minecraft,709,,,,,,,,,,,
wma-simplemem,SimpleMem,PENDING,subcategory,agent/embodied/omnigibson,868,,,,,,,,,,,
wma-simplemem,SimpleMem,PENDING,subcategory,agent/gui/css,408,,,,,,,,,,,
wma-simplemem,SimpleMem,PENDING,subcategory,agent/gui/excel,311,,,,,,,,,,,
wma-simplemem,SimpleMem,PENDING,subcategory,agent/gui/file_mgmt,273,,,,,,,,,,,
wma-simplemem,SimpleMem,PENDING,subcategory,agent/gui/image_edit,364,,,,,,,,,,,
wma-simplemem,SimpleMem,PENDING,subcategory,agent/gui/mobile,289,,,,,,,,,,,
wma-simplemem,SimpleMem,PENDING,subcategory,agent/gui/web,327,,,,,,,,,,,
wma-simplemem,SimpleMem,PENDING,subcategory,agent/gui/webarena_lite,792,,,,,,,,,,,
wma-simplemem,SimpleMem,PENDING,subcategory,agent/gui/word_docs,324,,,,,,,,,,,
wma-simplemem,SimpleMem,PENDING,subcategory,lifelong/personal,440,,,,,,,,,,,
wma-simplemem,SimpleMem,PENDING,subcategory,lifelong/project/academic,110,,,,,,,,,,,
wma-simplemem,SimpleMem,PENDING,subcategory,lifelong/project/education,110,,,,,,,,,,,
wma-simplemem,SimpleMem,PENDING,subcategory,lifelong/project/finance,110,,,,,,,,,,,
wma-simplemem,SimpleMem,PENDING,subcategory,lifelong/project/health,110,,,,,,,,,,,
wma-simplemem,SimpleMem,PENDING,subcategory,lifelong/project/software,110,,,,,,,,,,,
wma-simplemem,SimpleMem,PENDING,subcategory,lifelong/project/startup,110,,,,,,,,,,,
wma-omni-simplemem,Omni-SimpleMem,PENDING,overall,overall,7906,,,,,,,,,,,
wma-omni-simplemem,Omni-SimpleMem,PENDING,question_type,CMR,548,,,,,,,,,,,
wma-omni-simplemem,Omni-SimpleMem,PENDING,question_type,DU,606,,,,,,,,,,,
wma-omni-simplemem,Omni-SimpleMem,PENDING,question_type,FR,591,,,,,,,,,,,
wma-omni-simplemem,Omni-SimpleMem,PENDING,question_type,KR,593,,,,,,,,,,,
wma-omni-simplemem,Omni-SimpleMem,PENDING,question_type,MB,615,,,,,,,,,,,
wma-omni-simplemem,Omni-SimpleMem,PENDING,question_type,MC,604,,,,,,,,,,,
wma-omni-simplemem,Omni-SimpleMem,PENDING,question_type,TR,582,,,,,,,,,,,
wma-omni-simplemem,Omni-SimpleMem,PENDING,question_type,TTL,582,,,,,,,,,,,
wma-omni-simplemem,Omni-SimpleMem,PENDING,question_type,UNKNOWN,1356,,,,,,,,,,,
wma-omni-simplemem,Omni-SimpleMem,PENDING,question_type,VFR,614,,,,,,,,,,,
wma-omni-simplemem,Omni-SimpleMem,PENDING,question_type,VS,609,,,,,,,,,,,
wma-omni-simplemem,Omni-SimpleMem,PENDING,question_type,VU,606,,,,,,,,,,,
wma-omni-simplemem,Omni-SimpleMem,PENDING,scope,agent,6806,,,,,,,,,,,
wma-omni-simplemem,Omni-SimpleMem,PENDING,scope,lifelong,1100,,,,,,,,,,,
wma-omni-simplemem,Omni-SimpleMem,PENDING,task_family,agent/embodied,3718,,,,,,,,,,,
wma-omni-simplemem,Omni-SimpleMem,PENDING,task_family,agent/gui,3088,,,,,,,,,,,
wma-omni-simplemem,Omni-SimpleMem,PENDING,task_family,lifelong/personal,440,,,,,,,,,,,
wma-omni-simplemem,Omni-SimpleMem,PENDING,task_family,lifelong/project,660,,,,,,,,,,,
wma-omni-simplemem,Omni-SimpleMem,PENDING,difficulty,easy,1450,,,,,,,,,,,
wma-omni-simplemem,Omni-SimpleMem,PENDING,difficulty,hard,3047,,,,,,,,,,,
wma-omni-simplemem,Omni-SimpleMem,PENDING,difficulty,medium,3409,,,,,,,,,,,
wma-omni-simplemem,Omni-SimpleMem,PENDING,evidence_modality,image,1891,,,,,,,,,,,
wma-omni-simplemem,Omni-SimpleMem,PENDING,evidence_modality,image+memory,4050,,,,,,,,,,,
wma-omni-simplemem,Omni-SimpleMem,PENDING,evidence_modality,memory,1323,,,,,,,,,,,
wma-omni-simplemem,Omni-SimpleMem,PENDING,evidence_modality,none,642,,,,,,,,,,,
wma-omni-simplemem,Omni-SimpleMem,PENDING,subcategory,agent/embodied/eb_alfred_base,210,,,,,,,,,,,
wma-omni-simplemem,Omni-SimpleMem,PENDING,subcategory,agent/embodied/eb_alfred_common_sense,212,,,,,,,,,,,
wma-omni-simplemem,Omni-SimpleMem,PENDING,subcategory,agent/embodied/eb_alfred_complex_instruction,214,,,,,,,,,,,
wma-omni-simplemem,Omni-SimpleMem,PENDING,subcategory,agent/embodied/eb_alfred_long_horizon,218,,,,,,,,,,,
wma-omni-simplemem,Omni-SimpleMem,PENDING,subcategory,agent/embodied/eb_alfred_visual_appearance,161,,,,,,,,,,,
wma-omni-simplemem,Omni-SimpleMem,PENDING,subcategory,agent/embodied/eb_nav_base,217,,,,,,,,,,,
wma-omni-simplemem,Omni-SimpleMem,PENDING,subcategory,agent/embodied/eb_nav_common_sense,217,,,,,,,,,,,
wma-omni-simplemem,Omni-SimpleMem,PENDING,subcategory,agent/embodied/eb_nav_complex_instruction,214,,,,,,,,,,,
wma-omni-simplemem,Omni-SimpleMem,PENDING,subcategory,agent/embodied/eb_nav_long_horizon,262,,,,,,,,,,,
wma-omni-simplemem,Omni-SimpleMem,PENDING,subcategory,agent/embodied/eb_nav_visual_appearance,216,,,,,,,,,,,
wma-omni-simplemem,Omni-SimpleMem,PENDING,subcategory,agent/embodied/minecraft,709,,,,,,,,,,,
wma-omni-simplemem,Omni-SimpleMem,PENDING,subcategory,agent/embodied/omnigibson,868,,,,,,,,,,,
wma-omni-simplemem,Omni-SimpleMem,PENDING,subcategory,agent/gui/css,408,,,,,,,,,,,
wma-omni-simplemem,Omni-SimpleMem,PENDING,subcategory,agent/gui/excel,311,,,,,,,,,,,
wma-omni-simplemem,Omni-SimpleMem,PENDING,subcategory,agent/gui/file_mgmt,273,,,,,,,,,,,
wma-omni-simplemem,Omni-SimpleMem,PENDING,subcategory,agent/gui/image_edit,364,,,,,,,,,,,
wma-omni-simplemem,Omni-SimpleMem,PENDING,subcategory,agent/gui/mobile,289,,,,,,,,,,,
wma-omni-simplemem,Omni-SimpleMem,PENDING,subcategory,agent/gui/web,327,,,,,,,,,,,
wma-omni-simplemem,Omni-SimpleMem,PENDING,subcategory,agent/gui/webarena_lite,792,,,,,,,,,,,
wma-omni-simplemem,Omni-SimpleMem,PENDING,subcategory,agent/gui/word_docs,324,,,,,,,,,,,
wma-omni-simplemem,Omni-SimpleMem,PENDING,subcategory,lifelong/personal,440,,,,,,,,,,,
wma-omni-simplemem,Omni-SimpleMem,PENDING,subcategory,lifelong/project/academic,110,,,,,,,,,,,
wma-omni-simplemem,Omni-SimpleMem,PENDING,subcategory,lifelong/project/education,110,,,,,,,,,,,
wma-omni-simplemem,Omni-SimpleMem,PENDING,subcategory,lifelong/project/finance,110,,,,,,,,,,,
wma-omni-simplemem,Omni-SimpleMem,PENDING,subcategory,lifelong/project/health,110,,,,,,,,,,,
wma-omni-simplemem,Omni-SimpleMem,PENDING,subcategory,lifelong/project/software,110,,,,,,,,,,,
wma-omni-simplemem,Omni-SimpleMem,PENDING,subcategory,lifelong/project/startup,110,,,,,,,,,,,
wma-vilomem,ViLoMem,PENDING,overall,overall,7906,,,,,,,,,,,
wma-vilomem,ViLoMem,PENDING,question_type,CMR,548,,,,,,,,,,,
wma-vilomem,ViLoMem,PENDING,question_type,DU,606,,,,,,,,,,,
wma-vilomem,ViLoMem,PENDING,question_type,FR,591,,,,,,,,,,,
wma-vilomem,ViLoMem,PENDING,question_type,KR,593,,,,,,,,,,,
wma-vilomem,ViLoMem,PENDING,question_type,MB,615,,,,,,,,,,,
wma-vilomem,ViLoMem,PENDING,question_type,MC,604,,,,,,,,,,,
wma-vilomem,ViLoMem,PENDING,question_type,TR,582,,,,,,,,,,,
wma-vilomem,ViLoMem,PENDING,question_type,TTL,582,,,,,,,,,,,
wma-vilomem,ViLoMem,PENDING,question_type,UNKNOWN,1356,,,,,,,,,,,
wma-vilomem,ViLoMem,PENDING,question_type,VFR,614,,,,,,,,,,,
wma-vilomem,ViLoMem,PENDING,question_type,VS,609,,,,,,,,,,,
wma-vilomem,ViLoMem,PENDING,question_type,VU,606,,,,,,,,,,,
wma-vilomem,ViLoMem,PENDING,scope,agent,6806,,,,,,,,,,,
wma-vilomem,ViLoMem,PENDING,scope,lifelong,1100,,,,,,,,,,,
wma-vilomem,ViLoMem,PENDING,task_family,agent/embodied,3718,,,,,,,,,,,
wma-vilomem,ViLoMem,PENDING,task_family,agent/gui,3088,,,,,,,,,,,
wma-vilomem,ViLoMem,PENDING,task_family,lifelong/personal,440,,,,,,,,,,,
wma-vilomem,ViLoMem,PENDING,task_family,lifelong/project,660,,,,,,,,,,,
wma-vilomem,ViLoMem,PENDING,difficulty,easy,1450,,,,,,,,,,,
wma-vilomem,ViLoMem,PENDING,difficulty,hard,3047,,,,,,,,,,,
wma-vilomem,ViLoMem,PENDING,difficulty,medium,3409,,,,,,,,,,,
wma-vilomem,ViLoMem,PENDING,evidence_modality,image,1891,,,,,,,,,,,
wma-vilomem,ViLoMem,PENDING,evidence_modality,image+memory,4050,,,,,,,,,,,
wma-vilomem,ViLoMem,PENDING,evidence_modality,memory,1323,,,,,,,,,,,
wma-vilomem,ViLoMem,PENDING,evidence_modality,none,642,,,,,,,,,,,
wma-vilomem,ViLoMem,PENDING,subcategory,agent/embodied/eb_alfred_base,210,,,,,,,,,,,
wma-vilomem,ViLoMem,PENDING,subcategory,agent/embodied/eb_alfred_common_sense,212,,,,,,,,,,,
wma-vilomem,ViLoMem,PENDING,subcategory,agent/embodied/eb_alfred_complex_instruction,214,,,,,,,,,,,
wma-vilomem,ViLoMem,PENDING,subcategory,agent/embodied/eb_alfred_long_horizon,218,,,,,,,,,,,
wma-vilomem,ViLoMem,PENDING,subcategory,agent/embodied/eb_alfred_visual_appearance,161,,,,,,,,,,,
wma-vilomem,ViLoMem,PENDING,subcategory,agent/embodied/eb_nav_base,217,,,,,,,,,,,
wma-vilomem,ViLoMem,PENDING,subcategory,agent/embodied/eb_nav_common_sense,217,,,,,,,,,,,
wma-vilomem,ViLoMem,PENDING,subcategory,agent/embodied/eb_nav_complex_instruction,214,,,,,,,,,,,
wma-vilomem,ViLoMem,PENDING,subcategory,agent/embodied/eb_nav_long_horizon,262,,,,,,,,,,,
wma-vilomem,ViLoMem,PENDING,subcategory,agent/embodied/eb_nav_visual_appearance,216,,,,,,,,,,,
wma-vilomem,ViLoMem,PENDING,subcategory,agent/embodied/minecraft,709,,,,,,,,,,,
wma-vilomem,ViLoMem,PENDING,subcategory,agent/embodied/omnigibson,868,,,,,,,,,,,
wma-vilomem,ViLoMem,PENDING,subcategory,agent/gui/css,408,,,,,,,,,,,
wma-vilomem,ViLoMem,PENDING,subcategory,agent/gui/excel,311,,,,,,,,,,,
wma-vilomem,ViLoMem,PENDING,subcategory,agent/gui/file_mgmt,273,,,,,,,,,,,
wma-vilomem,ViLoMem,PENDING,subcategory,agent/gui/image_edit,364,,,,,,,,,,,
wma-vilomem,ViLoMem,PENDING,subcategory,agent/gui/mobile,289,,,,,,,,,,,
wma-vilomem,ViLoMem,PENDING,subcategory,agent/gui/web,327,,,,,,,,,,,
wma-vilomem,ViLoMem,PENDING,subcategory,agent/gui/webarena_lite,792,,,,,,,,,,,
wma-vilomem,ViLoMem,PENDING,subcategory,agent/gui/word_docs,324,,,,,,,,,,,
wma-vilomem,ViLoMem,PENDING,subcategory,lifelong/personal,440,,,,,,,,,,,
wma-vilomem,ViLoMem,PENDING,subcategory,lifelong/project/academic,110,,,,,,,,,,,
wma-vilomem,ViLoMem,PENDING,subcategory,lifelong/project/education,110,,,,,,,,,,,
wma-vilomem,ViLoMem,PENDING,subcategory,lifelong/project/finance,110,,,,,,,,,,,
wma-vilomem,ViLoMem,PENDING,subcategory,lifelong/project/health,110,,,,,,,,,,,
wma-vilomem,ViLoMem,PENDING,subcategory,lifelong/project/software,110,,,,,,,,,,,
wma-vilomem,ViLoMem,PENDING,subcategory,lifelong/project/startup,110,,,,,,,,,,,
wma-m2a,M2A,PENDING,overall,overall,7906,,,,,,,,,,,
wma-m2a,M2A,PENDING,question_type,CMR,548,,,,,,,,,,,
wma-m2a,M2A,PENDING,question_type,DU,606,,,,,,,,,,,
wma-m2a,M2A,PENDING,question_type,FR,591,,,,,,,,,,,
wma-m2a,M2A,PENDING,question_type,KR,593,,,,,,,,,,,
wma-m2a,M2A,PENDING,question_type,MB,615,,,,,,,,,,,
wma-m2a,M2A,PENDING,question_type,MC,604,,,,,,,,,,,
wma-m2a,M2A,PENDING,question_type,TR,582,,,,,,,,,,,
wma-m2a,M2A,PENDING,question_type,TTL,582,,,,,,,,,,,
wma-m2a,M2A,PENDING,question_type,UNKNOWN,1356,,,,,,,,,,,
wma-m2a,M2A,PENDING,question_type,VFR,614,,,,,,,,,,,
wma-m2a,M2A,PENDING,question_type,VS,609,,,,,,,,,,,
wma-m2a,M2A,PENDING,question_type,VU,606,,,,,,,,,,,
wma-m2a,M2A,PENDING,scope,agent,6806,,,,,,,,,,,
wma-m2a,M2A,PENDING,scope,lifelong,1100,,,,,,,,,,,
wma-m2a,M2A,PENDING,task_family,agent/embodied,3718,,,,,,,,,,,
wma-m2a,M2A,PENDING,task_family,agent/gui,3088,,,,,,,,,,,
wma-m2a,M2A,PENDING,task_family,lifelong/personal,440,,,,,,,,,,,
wma-m2a,M2A,PENDING,task_family,lifelong/project,660,,,,,,,,,,,
wma-m2a,M2A,PENDING,difficulty,easy,1450,,,,,,,,,,,
wma-m2a,M2A,PENDING,difficulty,hard,3047,,,,,,,,,,,
wma-m2a,M2A,PENDING,difficulty,medium,3409,,,,,,,,,,,
wma-m2a,M2A,PENDING,evidence_modality,image,1891,,,,,,,,,,,
wma-m2a,M2A,PENDING,evidence_modality,image+memory,4050,,,,,,,,,,,
wma-m2a,M2A,PENDING,evidence_modality,memory,1323,,,,,,,,,,,
wma-m2a,M2A,PENDING,evidence_modality,none,642,,,,,,,,,,,
wma-m2a,M2A,PENDING,subcategory,agent/embodied/eb_alfred_base,210,,,,,,,,,,,
wma-m2a,M2A,PENDING,subcategory,agent/embodied/eb_alfred_common_sense,212,,,,,,,,,,,
wma-m2a,M2A,PENDING,subcategory,agent/embodied/eb_alfred_complex_instruction,214,,,,,,,,,,,
wma-m2a,M2A,PENDING,subcategory,agent/embodied/eb_alfred_long_horizon,218,,,,,,,,,,,
wma-m2a,M2A,PENDING,subcategory,agent/embodied/eb_alfred_visual_appearance,161,,,,,,,,,,,
wma-m2a,M2A,PENDING,subcategory,agent/embodied/eb_nav_base,217,,,,,,,,,,,
wma-m2a,M2A,PENDING,subcategory,agent/embodied/eb_nav_common_sense,217,,,,,,,,,,,
wma-m2a,M2A,PENDING,subcategory,agent/embodied/eb_nav_complex_instruction,214,,,,,,,,,,,
wma-m2a,M2A,PENDING,subcategory,agent/embodied/eb_nav_long_horizon,262,,,,,,,,,,,
wma-m2a,M2A,PENDING,subcategory,agent/embodied/eb_nav_visual_appearance,216,,,,,,,,,,,
wma-m2a,M2A,PENDING,subcategory,agent/embodied/minecraft,709,,,,,,,,,,,
wma-m2a,M2A,PENDING,subcategory,agent/embodied/omnigibson,868,,,,,,,,,,,
wma-m2a,M2A,PENDING,subcategory,agent/gui/css,408,,,,,,,,,,,
wma-m2a,M2A,PENDING,subcategory,agent/gui/excel,311,,,,,,,,,,,
wma-m2a,M2A,PENDING,subcategory,agent/gui/file_mgmt,273,,,,,,,,,,,
wma-m2a,M2A,PENDING,subcategory,agent/gui/image_edit,364,,,,,,,,,,,
wma-m2a,M2A,PENDING,subcategory,agent/gui/mobile,289,,,,,,,,,,,
wma-m2a,M2A,PENDING,subcategory,agent/gui/web,327,,,,,,,,,,,
wma-m2a,M2A,PENDING,subcategory,agent/gui/webarena_lite,792,,,,,,,,,,,
wma-m2a,M2A,PENDING,subcategory,agent/gui/word_docs,324,,,,,,,,,,,
wma-m2a,M2A,PENDING,subcategory,lifelong/personal,440,,,,,,,,,,,
wma-m2a,M2A,PENDING,subcategory,lifelong/project/academic,110,,,,,,,,,,,
wma-m2a,M2A,PENDING,subcategory,lifelong/project/education,110,,,,,,,,,,,
wma-m2a,M2A,PENDING,subcategory,lifelong/project/finance,110,,,,,,,,,,,
wma-m2a,M2A,PENDING,subcategory,lifelong/project/health,110,,,,,,,,,,,
wma-m2a,M2A,PENDING,subcategory,lifelong/project/software,110,,,,,,,,,,,
wma-m2a,M2A,PENDING,subcategory,lifelong/project/startup,110,,,,,,,,,,,
wma-mirix,MIRIX,PENDING,overall,overall,7906,,,,,,,,,,,
wma-mirix,MIRIX,PENDING,question_type,CMR,548,,,,,,,,,,,
wma-mirix,MIRIX,PENDING,question_type,DU,606,,,,,,,,,,,
wma-mirix,MIRIX,PENDING,question_type,FR,591,,,,,,,,,,,
wma-mirix,MIRIX,PENDING,question_type,KR,593,,,,,,,,,,,
wma-mirix,MIRIX,PENDING,question_type,MB,615,,,,,,,,,,,
wma-mirix,MIRIX,PENDING,question_type,MC,604,,,,,,,,,,,
wma-mirix,MIRIX,PENDING,question_type,TR,582,,,,,,,,,,,
wma-mirix,MIRIX,PENDING,question_type,TTL,582,,,,,,,,,,,
wma-mirix,MIRIX,PENDING,question_type,UNKNOWN,1356,,,,,,,,,,,
wma-mirix,MIRIX,PENDING,question_type,VFR,614,,,,,,,,,,,
wma-mirix,MIRIX,PENDING,question_type,VS,609,,,,,,,,,,,
wma-mirix,MIRIX,PENDING,question_type,VU,606,,,,,,,,,,,
wma-mirix,MIRIX,PENDING,scope,agent,6806,,,,,,,,,,,
wma-mirix,MIRIX,PENDING,scope,lifelong,1100,,,,,,,,,,,
wma-mirix,MIRIX,PENDING,task_family,agent/embodied,3718,,,,,,,,,,,
wma-mirix,MIRIX,PENDING,task_family,agent/gui,3088,,,,,,,,,,,
wma-mirix,MIRIX,PENDING,task_family,lifelong/personal,440,,,,,,,,,,,
wma-mirix,MIRIX,PENDING,task_family,lifelong/project,660,,,,,,,,,,,
wma-mirix,MIRIX,PENDING,difficulty,easy,1450,,,,,,,,,,,
wma-mirix,MIRIX,PENDING,difficulty,hard,3047,,,,,,,,,,,
wma-mirix,MIRIX,PENDING,difficulty,medium,3409,,,,,,,,,,,
wma-mirix,MIRIX,PENDING,evidence_modality,image,1891,,,,,,,,,,,
wma-mirix,MIRIX,PENDING,evidence_modality,image+memory,4050,,,,,,,,,,,
wma-mirix,MIRIX,PENDING,evidence_modality,memory,1323,,,,,,,,,,,
wma-mirix,MIRIX,PENDING,evidence_modality,none,642,,,,,,,,,,,
wma-mirix,MIRIX,PENDING,subcategory,agent/embodied/eb_alfred_base,210,,,,,,,,,,,
wma-mirix,MIRIX,PENDING,subcategory,agent/embodied/eb_alfred_common_sense,212,,,,,,,,,,,
wma-mirix,MIRIX,PENDING,subcategory,agent/embodied/eb_alfred_complex_instruction,214,,,,,,,,,,,
wma-mirix,MIRIX,PENDING,subcategory,agent/embodied/eb_alfred_long_horizon,218,,,,,,,,,,,
wma-mirix,MIRIX,PENDING,subcategory,agent/embodied/eb_alfred_visual_appearance,161,,,,,,,,,,,
wma-mirix,MIRIX,PENDING,subcategory,agent/embodied/eb_nav_base,217,,,,,,,,,,,
wma-mirix,MIRIX,PENDING,subcategory,agent/embodied/eb_nav_common_sense,217,,,,,,,,,,,
wma-mirix,MIRIX,PENDING,subcategory,agent/embodied/eb_nav_complex_instruction,214,,,,,,,,,,,
wma-mirix,MIRIX,PENDING,subcategory,agent/embodied/eb_nav_long_horizon,262,,,,,,,,,,,
wma-mirix,MIRIX,PENDING,subcategory,agent/embodied/eb_nav_visual_appearance,216,,,,,,,,,,,
wma-mirix,MIRIX,PENDING,subcategory,agent/embodied/minecraft,709,,,,,,,,,,,
wma-mirix,MIRIX,PENDING,subcategory,agent/embodied/omnigibson,868,,,,,,,,,,,
wma-mirix,MIRIX,PENDING,subcategory,agent/gui/css,408,,,,,,,,,,,
wma-mirix,MIRIX,PENDING,subcategory,agent/gui/excel,311,,,,,,,,,,,
wma-mirix,MIRIX,PENDING,subcategory,agent/gui/file_mgmt,273,,,,,,,,,,,
wma-mirix,MIRIX,PENDING,subcategory,agent/gui/image_edit,364,,,,,,,,,,,
wma-mirix,MIRIX,PENDING,subcategory,agent/gui/mobile,289,,,,,,,,,,,
wma-mirix,MIRIX,PENDING,subcategory,agent/gui/web,327,,,,,,,,,,,
wma-mirix,MIRIX,PENDING,subcategory,agent/gui/webarena_lite,792,,,,,,,,,,,
wma-mirix,MIRIX,PENDING,subcategory,agent/gui/word_docs,324,,,,,,,,,,,
wma-mirix,MIRIX,PENDING,subcategory,lifelong/personal,440,,,,,,,,,,,
wma-mirix,MIRIX,PENDING,subcategory,lifelong/project/academic,110,,,,,,,,,,,
wma-mirix,MIRIX,PENDING,subcategory,lifelong/project/education,110,,,,,,,,,,,
wma-mirix,MIRIX,PENDING,subcategory,lifelong/project/finance,110,,,,,,,,,,,
wma-mirix,MIRIX,PENDING,subcategory,lifelong/project/health,110,,,,,,,,,,,
wma-mirix,MIRIX,PENDING,subcategory,lifelong/project/software,110,,,,,,,,,,,
wma-mirix,MIRIX,PENDING,subcategory,lifelong/project/startup,110,,,,,,,,,,,
wma-qwen3-vl-embedding-8b,Qwen3-VL-Embedding-8B,PENDING,overall,overall,7906,,,,,,,,,,,
wma-qwen3-vl-embedding-8b,Qwen3-VL-Embedding-8B,PENDING,question_type,CMR,548,,,,,,,,,,,
wma-qwen3-vl-embedding-8b,Qwen3-VL-Embedding-8B,PENDING,question_type,DU,606,,,,,,,,,,,
wma-qwen3-vl-embedding-8b,Qwen3-VL-Embedding-8B,PENDING,question_type,FR,591,,,,,,,,,,,
wma-qwen3-vl-embedding-8b,Qwen3-VL-Embedding-8B,PENDING,question_type,KR,593,,,,,,,,,,,
wma-qwen3-vl-embedding-8b,Qwen3-VL-Embedding-8B,PENDING,question_type,MB,615,,,,,,,,,,,
wma-qwen3-vl-embedding-8b,Qwen3-VL-Embedding-8B,PENDING,question_type,MC,604,,,,,,,,,,,
wma-qwen3-vl-embedding-8b,Qwen3-VL-Embedding-8B,PENDING,question_type,TR,582,,,,,,,,,,,
wma-qwen3-vl-embedding-8b,Qwen3-VL-Embedding-8B,PENDING,question_type,TTL,582,,,,,,,,,,,
wma-qwen3-vl-embedding-8b,Qwen3-VL-Embedding-8B,PENDING,question_type,UNKNOWN,1356,,,,,,,,,,,
wma-qwen3-vl-embedding-8b,Qwen3-VL-Embedding-8B,PENDING,question_type,VFR,614,,,,,,,,,,,
wma-qwen3-vl-embedding-8b,Qwen3-VL-Embedding-8B,PENDING,question_type,VS,609,,,,,,,,,,,
wma-qwen3-vl-embedding-8b,Qwen3-VL-Embedding-8B,PENDING,question_type,VU,606,,,,,,,,,,,
wma-qwen3-vl-embedding-8b,Qwen3-VL-Embedding-8B,PENDING,scope,agent,6806,,,,,,,,,,,
wma-qwen3-vl-embedding-8b,Qwen3-VL-Embedding-8B,PENDING,scope,lifelong,1100,,,,,,,,,,,
wma-qwen3-vl-embedding-8b,Qwen3-VL-Embedding-8B,PENDING,task_family,agent/embodied,3718,,,,,,,,,,,
wma-qwen3-vl-embedding-8b,Qwen3-VL-Embedding-8B,PENDING,task_family,agent/gui,3088,,,,,,,,,,,
wma-qwen3-vl-embedding-8b,Qwen3-VL-Embedding-8B,PENDING,task_family,lifelong/personal,440,,,,,,,,,,,
wma-qwen3-vl-embedding-8b,Qwen3-VL-Embedding-8B,PENDING,task_family,lifelong/project,660,,,,,,,,,,,
wma-qwen3-vl-embedding-8b,Qwen3-VL-Embedding-8B,PENDING,difficulty,easy,1450,,,,,,,,,,,
wma-qwen3-vl-embedding-8b,Qwen3-VL-Embedding-8B,PENDING,difficulty,hard,3047,,,,,,,,,,,
wma-qwen3-vl-embedding-8b,Qwen3-VL-Embedding-8B,PENDING,difficulty,medium,3409,,,,,,,,,,,
wma-qwen3-vl-embedding-8b,Qwen3-VL-Embedding-8B,PENDING,evidence_modality,image,1891,,,,,,,,,,,
wma-qwen3-vl-embedding-8b,Qwen3-VL-Embedding-8B,PENDING,evidence_modality,image+memory,4050,,,,,,,,,,,
wma-qwen3-vl-embedding-8b,Qwen3-VL-Embedding-8B,PENDING,evidence_modality,memory,1323,,,,,,,,,,,
wma-qwen3-vl-embedding-8b,Qwen3-VL-Embedding-8B,PENDING,evidence_modality,none,642,,,,,,,,,,,
wma-qwen3-vl-embedding-8b,Qwen3-VL-Embedding-8B,PENDING,subcategory,agent/embodied/eb_alfred_base,210,,,,,,,,,,,
wma-qwen3-vl-embedding-8b,Qwen3-VL-Embedding-8B,PENDING,subcategory,agent/embodied/eb_alfred_common_sense,212,,,,,,,,,,,
wma-qwen3-vl-embedding-8b,Qwen3-VL-Embedding-8B,PENDING,subcategory,agent/embodied/eb_alfred_complex_instruction,214,,,,,,,,,,,
wma-qwen3-vl-embedding-8b,Qwen3-VL-Embedding-8B,PENDING,subcategory,agent/embodied/eb_alfred_long_horizon,218,,,,,,,,,,,
wma-qwen3-vl-embedding-8b,Qwen3-VL-Embedding-8B,PENDING,subcategory,agent/embodied/eb_alfred_visual_appearance,161,,,,,,,,,,,
wma-qwen3-vl-embedding-8b,Qwen3-VL-Embedding-8B,PENDING,subcategory,agent/embodied/eb_nav_base,217,,,,,,,,,,,
wma-qwen3-vl-embedding-8b,Qwen3-VL-Embedding-8B,PENDING,subcategory,agent/embodied/eb_nav_common_sense,217,,,,,,,,,,,
wma-qwen3-vl-embedding-8b,Qwen3-VL-Embedding-8B,PENDING,subcategory,agent/embodied/eb_nav_complex_instruction,214,,,,,,,,,,,
wma-qwen3-vl-embedding-8b,Qwen3-VL-Embedding-8B,PENDING,subcategory,agent/embodied/eb_nav_long_horizon,262,,,,,,,,,,,
wma-qwen3-vl-embedding-8b,Qwen3-VL-Embedding-8B,PENDING,subcategory,agent/embodied/eb_nav_visual_appearance,216,,,,,,,,,,,
wma-qwen3-vl-embedding-8b,Qwen3-VL-Embedding-8B,PENDING,subcategory,agent/embodied/minecraft,709,,,,,,,,,,,
wma-qwen3-vl-embedding-8b,Qwen3-VL-Embedding-8B,PENDING,subcategory,agent/embodied/omnigibson,868,,,,,,,,,,,
wma-qwen3-vl-embedding-8b,Qwen3-VL-Embedding-8B,PENDING,subcategory,agent/gui/css,408,,,,,,,,,,,
wma-qwen3-vl-embedding-8b,Qwen3-VL-Embedding-8B,PENDING,subcategory,agent/gui/excel,311,,,,,,,,,,,
wma-qwen3-vl-embedding-8b,Qwen3-VL-Embedding-8B,PENDING,subcategory,agent/gui/file_mgmt,273,,,,,,,,,,,
wma-qwen3-vl-embedding-8b,Qwen3-VL-Embedding-8B,PENDING,subcategory,agent/gui/image_edit,364,,,,,,,,,,,
wma-qwen3-vl-embedding-8b,Qwen3-VL-Embedding-8B,PENDING,subcategory,agent/gui/mobile,289,,,,,,,,,,,
wma-qwen3-vl-embedding-8b,Qwen3-VL-Embedding-8B,PENDING,subcategory,agent/gui/web,327,,,,,,,,,,,
wma-qwen3-vl-embedding-8b,Qwen3-VL-Embedding-8B,PENDING,subcategory,agent/gui/webarena_lite,792,,,,,,,,,,,
wma-qwen3-vl-embedding-8b,Qwen3-VL-Embedding-8B,PENDING,subcategory,agent/gui/word_docs,324,,,,,,,,,,,
wma-qwen3-vl-embedding-8b,Qwen3-VL-Embedding-8B,PENDING,subcategory,lifelong/personal,440,,,,,,,,,,,
wma-qwen3-vl-embedding-8b,Qwen3-VL-Embedding-8B,PENDING,subcategory,lifelong/project/academic,110,,,,,,,,,,,
wma-qwen3-vl-embedding-8b,Qwen3-VL-Embedding-8B,PENDING,subcategory,lifelong/project/education,110,,,,,,,,,,,
wma-qwen3-vl-embedding-8b,Qwen3-VL-Embedding-8B,PENDING,subcategory,lifelong/project/finance,110,,,,,,,,,,,
wma-qwen3-vl-embedding-8b,Qwen3-VL-Embedding-8B,PENDING,subcategory,lifelong/project/health,110,,,,,,,,,,,
wma-qwen3-vl-embedding-8b,Qwen3-VL-Embedding-8B,PENDING,subcategory,lifelong/project/software,110,,,,,,,,,,,
wma-qwen3-vl-embedding-8b,Qwen3-VL-Embedding-8B,PENDING,subcategory,lifelong/project/startup,110,,,,,,,,,,,
wma-structmem,StructMem,PENDING,overall,overall,7906,,,,,,,,,,,
wma-structmem,StructMem,PENDING,question_type,CMR,548,,,,,,,,,,,
wma-structmem,StructMem,PENDING,question_type,DU,606,,,,,,,,,,,
wma-structmem,StructMem,PENDING,question_type,FR,591,,,,,,,,,,,
wma-structmem,StructMem,PENDING,question_type,KR,593,,,,,,,,,,,
wma-structmem,StructMem,PENDING,question_type,MB,615,,,,,,,,,,,
wma-structmem,StructMem,PENDING,question_type,MC,604,,,,,,,,,,,
wma-structmem,StructMem,PENDING,question_type,TR,582,,,,,,,,,,,
wma-structmem,StructMem,PENDING,question_type,TTL,582,,,,,,,,,,,
wma-structmem,StructMem,PENDING,question_type,UNKNOWN,1356,,,,,,,,,,,
wma-structmem,StructMem,PENDING,question_type,VFR,614,,,,,,,,,,,
wma-structmem,StructMem,PENDING,question_type,VS,609,,,,,,,,,,,
wma-structmem,StructMem,PENDING,question_type,VU,606,,,,,,,,,,,
wma-structmem,StructMem,PENDING,scope,agent,6806,,,,,,,,,,,
wma-structmem,StructMem,PENDING,scope,lifelong,1100,,,,,,,,,,,
wma-structmem,StructMem,PENDING,task_family,agent/embodied,3718,,,,,,,,,,,
wma-structmem,StructMem,PENDING,task_family,agent/gui,3088,,,,,,,,,,,
wma-structmem,StructMem,PENDING,task_family,lifelong/personal,440,,,,,,,,,,,
wma-structmem,StructMem,PENDING,task_family,lifelong/project,660,,,,,,,,,,,
wma-structmem,StructMem,PENDING,difficulty,easy,1450,,,,,,,,,,,
wma-structmem,StructMem,PENDING,difficulty,hard,3047,,,,,,,,,,,
wma-structmem,StructMem,PENDING,difficulty,medium,3409,,,,,,,,,,,
wma-structmem,StructMem,PENDING,evidence_modality,image,1891,,,,,,,,,,,
wma-structmem,StructMem,PENDING,evidence_modality,image+memory,4050,,,,,,,,,,,
wma-structmem,StructMem,PENDING,evidence_modality,memory,1323,,,,,,,,,,,
wma-structmem,StructMem,PENDING,evidence_modality,none,642,,,,,,,,,,,
wma-structmem,StructMem,PENDING,subcategory,agent/embodied/eb_alfred_base,210,,,,,,,,,,,
wma-structmem,StructMem,PENDING,subcategory,agent/embodied/eb_alfred_common_sense,212,,,,,,,,,,,
wma-structmem,StructMem,PENDING,subcategory,agent/embodied/eb_alfred_complex_instruction,214,,,,,,,,,,,
wma-structmem,StructMem,PENDING,subcategory,agent/embodied/eb_alfred_long_horizon,218,,,,,,,,,,,
wma-structmem,StructMem,PENDING,subcategory,agent/embodied/eb_alfred_visual_appearance,161,,,,,,,,,,,
wma-structmem,StructMem,PENDING,subcategory,agent/embodied/eb_nav_base,217,,,,,,,,,,,
wma-structmem,StructMem,PENDING,subcategory,agent/embodied/eb_nav_common_sense,217,,,,,,,,,,,
wma-structmem,StructMem,PENDING,subcategory,agent/embodied/eb_nav_complex_instruction,214,,,,,,,,,,,
wma-structmem,StructMem,PENDING,subcategory,agent/embodied/eb_nav_long_horizon,262,,,,,,,,,,,
wma-structmem,StructMem,PENDING,subcategory,agent/embodied/eb_nav_visual_appearance,216,,,,,,,,,,,
wma-structmem,StructMem,PENDING,subcategory,agent/embodied/minecraft,709,,,,,,,,,,,
wma-structmem,StructMem,PENDING,subcategory,agent/embodied/omnigibson,868,,,,,,,,,,,
wma-structmem,StructMem,PENDING,subcategory,agent/gui/css,408,,,,,,,,,,,
wma-structmem,StructMem,PENDING,subcategory,agent/gui/excel,311,,,,,,,,,,,
wma-structmem,StructMem,PENDING,subcategory,agent/gui/file_mgmt,273,,,,,,,,,,,
wma-structmem,StructMem,PENDING,subcategory,agent/gui/image_edit,364,,,,,,,,,,,
wma-structmem,StructMem,PENDING,subcategory,agent/gui/mobile,289,,,,,,,,,,,
wma-structmem,StructMem,PENDING,subcategory,agent/gui/web,327,,,,,,,,,,,
wma-structmem,StructMem,PENDING,subcategory,agent/gui/webarena_lite,792,,,,,,,,,,,
wma-structmem,StructMem,PENDING,subcategory,agent/gui/word_docs,324,,,,,,,,,,,
wma-structmem,StructMem,PENDING,subcategory,lifelong/personal,440,,,,,,,,,,,
wma-structmem,StructMem,PENDING,subcategory,lifelong/project/academic,110,,,,,,,,,,,
wma-structmem,StructMem,PENDING,subcategory,lifelong/project/education,110,,,,,,,,,,,
wma-structmem,StructMem,PENDING,subcategory,lifelong/project/finance,110,,,,,,,,,,,
wma-structmem,StructMem,PENDING,subcategory,lifelong/project/health,110,,,,,,,,,,,
wma-structmem,StructMem,PENDING,subcategory,lifelong/project/software,110,,,,,,,,,,,
wma-structmem,StructMem,PENDING,subcategory,lifelong/project/startup,110,,,,,,,,,,,
wma-hela-mem,HeLa-Mem,LICENSE_BLOCKED,overall,overall,7906,,,,,,,,,,,
wma-hela-mem,HeLa-Mem,LICENSE_BLOCKED,question_type,CMR,548,,,,,,,,,,,
wma-hela-mem,HeLa-Mem,LICENSE_BLOCKED,question_type,DU,606,,,,,,,,,,,
wma-hela-mem,HeLa-Mem,LICENSE_BLOCKED,question_type,FR,591,,,,,,,,,,,
wma-hela-mem,HeLa-Mem,LICENSE_BLOCKED,question_type,KR,593,,,,,,,,,,,
wma-hela-mem,HeLa-Mem,LICENSE_BLOCKED,question_type,MB,615,,,,,,,,,,,
wma-hela-mem,HeLa-Mem,LICENSE_BLOCKED,question_type,MC,604,,,,,,,,,,,
wma-hela-mem,HeLa-Mem,LICENSE_BLOCKED,question_type,TR,582,,,,,,,,,,,
wma-hela-mem,HeLa-Mem,LICENSE_BLOCKED,question_type,TTL,582,,,,,,,,,,,
wma-hela-mem,HeLa-Mem,LICENSE_BLOCKED,question_type,UNKNOWN,1356,,,,,,,,,,,
wma-hela-mem,HeLa-Mem,LICENSE_BLOCKED,question_type,VFR,614,,,,,,,,,,,
wma-hela-mem,HeLa-Mem,LICENSE_BLOCKED,question_type,VS,609,,,,,,,,,,,
wma-hela-mem,HeLa-Mem,LICENSE_BLOCKED,question_type,VU,606,,,,,,,,,,,
wma-hela-mem,HeLa-Mem,LICENSE_BLOCKED,scope,agent,6806,,,,,,,,,,,
wma-hela-mem,HeLa-Mem,LICENSE_BLOCKED,scope,lifelong,1100,,,,,,,,,,,
wma-hela-mem,HeLa-Mem,LICENSE_BLOCKED,task_family,agent/embodied,3718,,,,,,,,,,,
wma-hela-mem,HeLa-Mem,LICENSE_BLOCKED,task_family,agent/gui,3088,,,,,,,,,,,
wma-hela-mem,HeLa-Mem,LICENSE_BLOCKED,task_family,lifelong/personal,440,,,,,,,,,,,
wma-hela-mem,HeLa-Mem,LICENSE_BLOCKED,task_family,lifelong/project,660,,,,,,,,,,,
wma-hela-mem,HeLa-Mem,LICENSE_BLOCKED,difficulty,easy,1450,,,,,,,,,,,
wma-hela-mem,HeLa-Mem,LICENSE_BLOCKED,difficulty,hard,3047,,,,,,,,,,,
wma-hela-mem,HeLa-Mem,LICENSE_BLOCKED,difficulty,medium,3409,,,,,,,,,,,
wma-hela-mem,HeLa-Mem,LICENSE_BLOCKED,evidence_modality,image,1891,,,,,,,,,,,
wma-hela-mem,HeLa-Mem,LICENSE_BLOCKED,evidence_modality,image+memory,4050,,,,,,,,,,,
wma-hela-mem,HeLa-Mem,LICENSE_BLOCKED,evidence_modality,memory,1323,,,,,,,,,,,
wma-hela-mem,HeLa-Mem,LICENSE_BLOCKED,evidence_modality,none,642,,,,,,,,,,,
wma-hela-mem,HeLa-Mem,LICENSE_BLOCKED,subcategory,agent/embodied/eb_alfred_base,210,,,,,,,,,,,
wma-hela-mem,HeLa-Mem,LICENSE_BLOCKED,subcategory,agent/embodied/eb_alfred_common_sense,212,,,,,,,,,,,
wma-hela-mem,HeLa-Mem,LICENSE_BLOCKED,subcategory,agent/embodied/eb_alfred_complex_instruction,214,,,,,,,,,,,
wma-hela-mem,HeLa-Mem,LICENSE_BLOCKED,subcategory,agent/embodied/eb_alfred_long_horizon,218,,,,,,,,,,,
wma-hela-mem,HeLa-Mem,LICENSE_BLOCKED,subcategory,agent/embodied/eb_alfred_visual_appearance,161,,,,,,,,,,,
wma-hela-mem,HeLa-Mem,LICENSE_BLOCKED,subcategory,agent/embodied/eb_nav_base,217,,,,,,,,,,,
wma-hela-mem,HeLa-Mem,LICENSE_BLOCKED,subcategory,agent/embodied/eb_nav_common_sense,217,,,,,,,,,,,
wma-hela-mem,HeLa-Mem,LICENSE_BLOCKED,subcategory,agent/embodied/eb_nav_complex_instruction,214,,,,,,,,,,,
wma-hela-mem,HeLa-Mem,LICENSE_BLOCKED,subcategory,agent/embodied/eb_nav_long_horizon,262,,,,,,,,,,,
wma-hela-mem,HeLa-Mem,LICENSE_BLOCKED,subcategory,agent/embodied/eb_nav_visual_appearance,216,,,,,,,,,,,
wma-hela-mem,HeLa-Mem,LICENSE_BLOCKED,subcategory,agent/embodied/minecraft,709,,,,,,,,,,,
wma-hela-mem,HeLa-Mem,LICENSE_BLOCKED,subcategory,agent/embodied/omnigibson,868,,,,,,,,,,,
wma-hela-mem,HeLa-Mem,LICENSE_BLOCKED,subcategory,agent/gui/css,408,,,,,,,,,,,
wma-hela-mem,HeLa-Mem,LICENSE_BLOCKED,subcategory,agent/gui/excel,311,,,,,,,,,,,
wma-hela-mem,HeLa-Mem,LICENSE_BLOCKED,subcategory,agent/gui/file_mgmt,273,,,,,,,,,,,
wma-hela-mem,HeLa-Mem,LICENSE_BLOCKED,subcategory,agent/gui/image_edit,364,,,,,,,,,,,
wma-hela-mem,HeLa-Mem,LICENSE_BLOCKED,subcategory,agent/gui/mobile,289,,,,,,,,,,,
wma-hela-mem,HeLa-Mem,LICENSE_BLOCKED,subcategory,agent/gui/web,327,,,,,,,,,,,
wma-hela-mem,HeLa-Mem,LICENSE_BLOCKED,subcategory,agent/gui/webarena_lite,792,,,,,,,,,,,
wma-hela-mem,HeLa-Mem,LICENSE_BLOCKED,subcategory,agent/gui/word_docs,324,,,,,,,,,,,
wma-hela-mem,HeLa-Mem,LICENSE_BLOCKED,subcategory,lifelong/personal,440,,,,,,,,,,,
wma-hela-mem,HeLa-Mem,LICENSE_BLOCKED,subcategory,lifelong/project/academic,110,,,,,,,,,,,
wma-hela-mem,HeLa-Mem,LICENSE_BLOCKED,subcategory,lifelong/project/education,110,,,,,,,,,,,
wma-hela-mem,HeLa-Mem,LICENSE_BLOCKED,subcategory,lifelong/project/finance,110,,,,,,,,,,,
wma-hela-mem,HeLa-Mem,LICENSE_BLOCKED,subcategory,lifelong/project/health,110,,,,,,,,,,,
wma-hela-mem,HeLa-Mem,LICENSE_BLOCKED,subcategory,lifelong/project/software,110,,,,,,,,,,,
wma-hela-mem,HeLa-Mem,LICENSE_BLOCKED,subcategory,lifelong/project/startup,110,,,,,,,,,,,
agentenhance-ceu,AgentEnhance-CEU,LOCKED_UNTIL_BASELINES_ACCEPTED,overall,overall,7906,,,,,,,,,,,
agentenhance-ceu,AgentEnhance-CEU,LOCKED_UNTIL_BASELINES_ACCEPTED,question_type,CMR,548,,,,,,,,,,,
agentenhance-ceu,AgentEnhance-CEU,LOCKED_UNTIL_BASELINES_ACCEPTED,question_type,DU,606,,,,,,,,,,,
agentenhance-ceu,AgentEnhance-CEU,LOCKED_UNTIL_BASELINES_ACCEPTED,question_type,FR,591,,,,,,,,,,,
agentenhance-ceu,AgentEnhance-CEU,LOCKED_UNTIL_BASELINES_ACCEPTED,question_type,KR,593,,,,,,,,,,,
agentenhance-ceu,AgentEnhance-CEU,LOCKED_UNTIL_BASELINES_ACCEPTED,question_type,MB,615,,,,,,,,,,,
agentenhance-ceu,AgentEnhance-CEU,LOCKED_UNTIL_BASELINES_ACCEPTED,question_type,MC,604,,,,,,,,,,,
agentenhance-ceu,AgentEnhance-CEU,LOCKED_UNTIL_BASELINES_ACCEPTED,question_type,TR,582,,,,,,,,,,,
agentenhance-ceu,AgentEnhance-CEU,LOCKED_UNTIL_BASELINES_ACCEPTED,question_type,TTL,582,,,,,,,,,,,
agentenhance-ceu,AgentEnhance-CEU,LOCKED_UNTIL_BASELINES_ACCEPTED,question_type,UNKNOWN,1356,,,,,,,,,,,
agentenhance-ceu,AgentEnhance-CEU,LOCKED_UNTIL_BASELINES_ACCEPTED,question_type,VFR,614,,,,,,,,,,,
agentenhance-ceu,AgentEnhance-CEU,LOCKED_UNTIL_BASELINES_ACCEPTED,question_type,VS,609,,,,,,,,,,,
agentenhance-ceu,AgentEnhance-CEU,LOCKED_UNTIL_BASELINES_ACCEPTED,question_type,VU,606,,,,,,,,,,,
agentenhance-ceu,AgentEnhance-CEU,LOCKED_UNTIL_BASELINES_ACCEPTED,scope,agent,6806,,,,,,,,,,,
agentenhance-ceu,AgentEnhance-CEU,LOCKED_UNTIL_BASELINES_ACCEPTED,scope,lifelong,1100,,,,,,,,,,,
agentenhance-ceu,AgentEnhance-CEU,LOCKED_UNTIL_BASELINES_ACCEPTED,task_family,agent/embodied,3718,,,,,,,,,,,
agentenhance-ceu,AgentEnhance-CEU,LOCKED_UNTIL_BASELINES_ACCEPTED,task_family,agent/gui,3088,,,,,,,,,,,
agentenhance-ceu,AgentEnhance-CEU,LOCKED_UNTIL_BASELINES_ACCEPTED,task_family,lifelong/personal,440,,,,,,,,,,,
agentenhance-ceu,AgentEnhance-CEU,LOCKED_UNTIL_BASELINES_ACCEPTED,task_family,lifelong/project,660,,,,,,,,,,,
agentenhance-ceu,AgentEnhance-CEU,LOCKED_UNTIL_BASELINES_ACCEPTED,difficulty,easy,1450,,,,,,,,,,,
agentenhance-ceu,AgentEnhance-CEU,LOCKED_UNTIL_BASELINES_ACCEPTED,difficulty,hard,3047,,,,,,,,,,,
agentenhance-ceu,AgentEnhance-CEU,LOCKED_UNTIL_BASELINES_ACCEPTED,difficulty,medium,3409,,,,,,,,,,,
agentenhance-ceu,AgentEnhance-CEU,LOCKED_UNTIL_BASELINES_ACCEPTED,evidence_modality,image,1891,,,,,,,,,,,
agentenhance-ceu,AgentEnhance-CEU,LOCKED_UNTIL_BASELINES_ACCEPTED,evidence_modality,image+memory,4050,,,,,,,,,,,
agentenhance-ceu,AgentEnhance-CEU,LOCKED_UNTIL_BASELINES_ACCEPTED,evidence_modality,memory,1323,,,,,,,,,,,
agentenhance-ceu,AgentEnhance-CEU,LOCKED_UNTIL_BASELINES_ACCEPTED,evidence_modality,none,642,,,,,,,,,,,
agentenhance-ceu,AgentEnhance-CEU,LOCKED_UNTIL_BASELINES_ACCEPTED,subcategory,agent/embodied/eb_alfred_base,210,,,,,,,,,,,
agentenhance-ceu,AgentEnhance-CEU,LOCKED_UNTIL_BASELINES_ACCEPTED,subcategory,agent/embodied/eb_alfred_common_sense,212,,,,,,,,,,,
agentenhance-ceu,AgentEnhance-CEU,LOCKED_UNTIL_BASELINES_ACCEPTED,subcategory,agent/embodied/eb_alfred_complex_instruction,214,,,,,,,,,,,
agentenhance-ceu,AgentEnhance-CEU,LOCKED_UNTIL_BASELINES_ACCEPTED,subcategory,agent/embodied/eb_alfred_long_horizon,218,,,,,,,,,,,
agentenhance-ceu,AgentEnhance-CEU,LOCKED_UNTIL_BASELINES_ACCEPTED,subcategory,agent/embodied/eb_alfred_visual_appearance,161,,,,,,,,,,,
agentenhance-ceu,AgentEnhance-CEU,LOCKED_UNTIL_BASELINES_ACCEPTED,subcategory,agent/embodied/eb_nav_base,217,,,,,,,,,,,
agentenhance-ceu,AgentEnhance-CEU,LOCKED_UNTIL_BASELINES_ACCEPTED,subcategory,agent/embodied/eb_nav_common_sense,217,,,,,,,,,,,
agentenhance-ceu,AgentEnhance-CEU,LOCKED_UNTIL_BASELINES_ACCEPTED,subcategory,agent/embodied/eb_nav_complex_instruction,214,,,,,,,,,,,
agentenhance-ceu,AgentEnhance-CEU,LOCKED_UNTIL_BASELINES_ACCEPTED,subcategory,agent/embodied/eb_nav_long_horizon,262,,,,,,,,,,,
agentenhance-ceu,AgentEnhance-CEU,LOCKED_UNTIL_BASELINES_ACCEPTED,subcategory,agent/embodied/eb_nav_visual_appearance,216,,,,,,,,,,,
agentenhance-ceu,AgentEnhance-CEU,LOCKED_UNTIL_BASELINES_ACCEPTED,subcategory,agent/embodied/minecraft,709,,,,,,,,,,,
agentenhance-ceu,AgentEnhance-CEU,LOCKED_UNTIL_BASELINES_ACCEPTED,subcategory,agent/embodied/omnigibson,868,,,,,,,,,,,
agentenhance-ceu,AgentEnhance-CEU,LOCKED_UNTIL_BASELINES_ACCEPTED,subcategory,agent/gui/css,408,,,,,,,,,,,
agentenhance-ceu,AgentEnhance-CEU,LOCKED_UNTIL_BASELINES_ACCEPTED,subcategory,agent/gui/excel,311,,,,,,,,,,,
agentenhance-ceu,AgentEnhance-CEU,LOCKED_UNTIL_BASELINES_ACCEPTED,subcategory,agent/gui/file_mgmt,273,,,,,,,,,,,
agentenhance-ceu,AgentEnhance-CEU,LOCKED_UNTIL_BASELINES_ACCEPTED,subcategory,agent/gui/image_edit,364,,,,,,,,,,,
agentenhance-ceu,AgentEnhance-CEU,LOCKED_UNTIL_BASELINES_ACCEPTED,subcategory,agent/gui/mobile,289,,,,,,,,,,,
agentenhance-ceu,AgentEnhance-CEU,LOCKED_UNTIL_BASELINES_ACCEPTED,subcategory,agent/gui/web,327,,,,,,,,,,,
agentenhance-ceu,AgentEnhance-CEU,LOCKED_UNTIL_BASELINES_ACCEPTED,subcategory,agent/gui/webarena_lite,792,,,,,,,,,,,
agentenhance-ceu,AgentEnhance-CEU,LOCKED_UNTIL_BASELINES_ACCEPTED,subcategory,agent/gui/word_docs,324,,,,,,,,,,,
agentenhance-ceu,AgentEnhance-CEU,LOCKED_UNTIL_BASELINES_ACCEPTED,subcategory,lifelong/personal,440,,,,,,,,,,,
agentenhance-ceu,AgentEnhance-CEU,LOCKED_UNTIL_BASELINES_ACCEPTED,subcategory,lifelong/project/academic,110,,,,,,,,,,,
agentenhance-ceu,AgentEnhance-CEU,LOCKED_UNTIL_BASELINES_ACCEPTED,subcategory,lifelong/project/education,110,,,,,,,,,,,
agentenhance-ceu,AgentEnhance-CEU,LOCKED_UNTIL_BASELINES_ACCEPTED,subcategory,lifelong/project/finance,110,,,,,,,,,,,
agentenhance-ceu,AgentEnhance-CEU,LOCKED_UNTIL_BASELINES_ACCEPTED,subcategory,lifelong/project/health,110,,,,,,,,,,,
agentenhance-ceu,AgentEnhance-CEU,LOCKED_UNTIL_BASELINES_ACCEPTED,subcategory,lifelong/project/software,110,,,,,,,,,,,
agentenhance-ceu,AgentEnhance-CEU,LOCKED_UNTIL_BASELINES_ACCEPTED,subcategory,lifelong/project/startup,110,,,,,,,,,,,
